no,district,landid,land,eligible,voters,turnout,cducsu1,cducsu2,spd1,spd2,dielinke1,dielinke2,greens1,greens2,pirates1,pirates2,afd1,afd2,area,population,popdensity,pop18_25,pop25_35,pop35_60,pop75_,abitur,localbusinesstax,unemployment,socialbenefits
1,Flensburg - Schleswig,1,Schleswig-Holstein,226944,162749,71.713287,41.92652489416218,37.69424082482842,36.69331301574817,32.19436064123282,4.568998887857989,5.581601115828668,7.675008755814168,9.667647727482196,2.1001666,1.9557724,3.2159951,4.0325899,2128,286,134,8,11,35,9,32,293,8,87
2,Nordfriesland - Dithmarschen Nord,1,Schleswig-Holstein,186177,131527,70.64621,49.17469416925802,42.86800428809293,31.71516114562029,29.33998342545637,3.537676674751192,4.358800854577387,6.435940909471059,8.018885856136002,1.8756605,1.8346043,3.0206726,3.7969391,2777,232,84,7,10,35,10,22,489,7,67
3,Steinburg - Dithmarschen Süd,1,Schleswig-Holstein,176731,126409,71.526215,44.82987761947329,41.45907332547525,33.60203782958492,29.66719141833256,3.883426021881353,4.972747193633364,5.051855484973379,7.503421433600456,2.1153557,2.1430435,3.5345585,4.3446274,2000,222,111,7,9,37,9,23,320,6,73
4,Rendsburg-Eckernförde,1,Schleswig-Holstein,198903,149583,75.203995,44.64076800171142,40.3448252809477,36.36576348916655,31.19204722461777,3.277110366819759,4.309981749262951,6.889820367287726,9.163474458996008,1.8424554,1.7515359,3.398782,4.3454137,2161,246,114,7,9,37,9,24,243,5,57
5,Kiel,1,Schleswig-Holstein,205243,146452,71.355415,32.72403244749133,29.97091197115779,42.51973342801737,34.31977712834239,5.204435582989649,6.84388058886188,9.856471745008603,13.92538169502636,2.4410729,2.6943982,2.7585831,3.6728756,143,264,1846,10,16,34,8,40,437,9,125
6,Plön - Neumünster,1,Schleswig-Holstein,174746,127093,72.730133,43.14399691564445,38.30502073284917,37.04767375071798,32.33380280581936,3.704373962374009,4.710723643316312,6.278079831304635,9.109077604588766,1.7050506,1.694822,3.8058743,4.6430569,1302,222,170,7,9,37,9,30,290,7,82
7,Pinneberg,1,Schleswig-Holstein,235610,179055,75.996353,44.94875876127447,40.21445924436626,35.74655832006925,30.92401775990617,3.901035994526821,4.976124654435788,6.324313758342409,8.539834129178185,1.8011225,1.8821033,3.7787273,4.7354164,664,306,459,7,10,37,9,36,428,5,59
8,Segeberg - Stormarn-Mitte,1,Schleswig-Holstein,244240,183250,75.028664,45.00463847203275,40.46984993178718,34.92387448840383,29.84502046384721,3.821555252387449,4.97244201909959,6.079672578444748,8.564802182810368,1.9350613,2.0114598,3.7538881,4.9298773,1333,305,228,7,10,38,8,31,433,4,51
9,Ostholstein - Stormarn-Nord,1,Schleswig-Holstein,180022,131939,73.290489,45.31109073132281,40.70441643486763,36.64496471854417,31.17652854728322,3.387171344333366,4.292135001781126,5.415381350472567,7.950643858146568,1.5613276,1.5999818,3.7115636,4.9045391,1533,223,145,6,8,36,11,29,261,7,63
10,Herzogtum Lauenburg - Stormarn-Süd,1,Schleswig-Holstein,241257,182982,75.845261,44.78801193560022,40.22417505546994,34.2924440655365,29.48049534926933,3.734793586254385,4.897749505415834,6.981014526018953,9.060454033730094,1.5892273,1.6564471,4.5638371,5.5797839,1349,302,222,6,9,37,10,32,478,5,57
11,Lübeck,1,Schleswig-Holstein,181923,124711,68.551529,36.00003207415545,33.8526673669524,40.18811492169897,33.74441709231743,5.341950589763533,6.39077547289333,7.597565571601543,10.93568329978911,2.2652373,2.4007506,3.3292973,4.2682681,406,229,563,8,12,34,10,32,361,9,127
12,Schwerin - Ludwigslust-Parchim I - Nordwestmecklenburg I,13,Mecklenburg-Vorpommern,220166,148614,67.500885,38.33151654622041,39.75466645134375,25.47808416434522,21.24026000242238,21.80413689154454,20.09837565774422,3.5023618232468,4.399316349738249,2.2474329,1.7367139,,5.2054315,3641,268,73,7,12,39,9,36,291,9,109
13,Ludwigslust-Parchim II - Nordwestmecklenburg II - Landkreis Rostock I,13,Mecklenburg-Vorpommern,208976,137171,65.639595,42.22248142829024,41.49710944733216,22.38884312281751,19.42174366301915,22.46247384651275,20.9978785603371,3.38336820464967,3.971684977145315,2.1608067,1.5498903,,5.2037239,3909,253,64,6,11,39,10,32,186,9,95
14,Rostock - Landkreis Rostock II,13,Mecklenburg-Vorpommern,223885,152820,68.258255,34.45949483051957,37.42180342887057,17.99371809972517,18.98311739301139,30.205470488156,23.42101819133621,7.339353487763383,6.461196178510666,2.1351917,2.3478603,,5.3631725,992,269,271,9,14,35,9,40,285,11,125
15,Vorpommern-Rügen - Vorpommern-Greifswald I,13,Mecklenburg-Vorpommern,244880,157402,64.277199,55.36270187164077,44.27072082946849,13.77873216350491,14.37719978145132,18.96227493932733,20.28563804780117,3.003773776699152,4.683549128981842,2.3748109,2.2407594,,6.4541745,3450,293,85,8,12,37,10,31,170,14,124
16,Mecklenburgische Seenplatte I - Vorpommern-Greifswald II,13,Mecklenburg-Vorpommern,234110,148874,63.591473,45.05084836841893,44.17628329997179,15.36198395958999,14.51092870481078,23.49100581699961,21.26496231712724,2.256270403159719,2.69355293738329,2.5692868,1.7659229,,5.9446244,4950,281,57,6,11,39,10,37,167,14,136
17,Mecklenburgische Seenplatte II - Landkreis Rostock III,13,Mecklenburg-Vorpommern,218688,136837,62.571793,45.9320213100258,44.14522387950628,18.29110547585814,16.79443425389332,22.13144105760869,21.06082419228717,2.983842089493339,3.269583519077442,1.9388031,1.5434422,,4.9738011,6248,262,42,6,11,39,10,35,165,12,119
18,Hamburg-Mitte,2,Hamburg,256862,168465,65.5858,27.75235212061853,26.68031935416852,38.58190128513341,33.07571305612441,9.315288042026534,10.75831775146173,11.83806725432582,13.4419612382394,3.4030807,3.8239398,3.279613,4.2655745,119,386,3209,8,16,36,8,54,1038,7,99
19,Hamburg-Altona,2,Hamburg,182776,135857,74.329781,32.09919253332549,29.13431034102033,34.53484178216802,29.44934747565455,10.12756059680399,10.69138873963064,13.52893115555326,16.31642094260877,2.2118845,2.6719272,2.2773945,3.1805501,78,264,3314,8,16,36,8,54,1038,7,99
20,Hamburg-Eimsbüttel,2,Hamburg,189772,143084,75.397842,32.92611333202874,30.7434793547846,37.11456207542423,31.09502110648291,6.798803500041934,8.482429901316708,12.85888009840374,15.42730144530486,2.3426797,2.621537,2.8193228,3.6321323,49,258,5182,8,16,36,8,54,1038,7,99
21,Hamburg-Nord,2,Hamburg,211824,163950,77.399162,39.3162549557792,36.13540713632205,34.41354071363221,29.91094845989631,4.651418115279048,6.474534919182677,11.79810917962794,12.41659042390973,2.1707838,2.2189691,3.4815493,4.0994205,114,278,2407,8,16,36,8,54,1038,7,99
22,Hamburg-Wandsbek,2,Hamburg,218797,147153,67.255493,36.69785869129409,34.41384137598283,39.4344661678661,34.20861280436009,6.519744755458605,7.528218928598125,6.333543998423409,8.608047406440916,2.2615917,2.3356643,4.0950575,4.8201532,77,296,3819,8,16,36,8,54,1038,7,99
23,Hamburg-Bergedorf - Harburg,2,Hamburg,221887,142704,64.31382,35.06839331763651,33.30320103150577,39.84961879134432,34.54843592330979,7.424459020069514,8.280776992936428,6.36842695369436,9.050902567552416,2.2410023,2.5276096,3.8176925,4.6417761,315,327,1033,8,16,36,8,54,1038,7,99
24,Aurich - Emden,3,Lower Saxony,190987,134256,70.295883,31.83246931235848,32.04772971040401,49.41902037897747,43.26063639613872,4.746901442021214,4.907043260636397,9.405166249553092,8.214158026456918,,1.4152068,,3.0806818,1399,240,171,8,10,35,9,35,667,8,82
25,Unterems,3,Lower Saxony,232784,166959,71.72271,54.04680190945083,48.28490827089285,30.79139189860984,30.59373858252625,3.848849118645895,4.055486676369648,5.055732245641146,5.69361340209273,,1.3284699,,2.9168837,2597,310,118,8,11,36,8,32,301,5,52
26,Friesland - Wilhelmshaven - Wittmund,3,Lower Saxony,190034,134162,70.598946,38.96408819188742,37.86168959914134,43.3639927848422,35.78584099819621,5.020795754386488,5.078934422563766,5.487395834886182,7.253171538885825,,1.4959526,,4.083869,1371,236,173,8,9,35,10,36,283,8,86
27,Oldenburg - Ammerland,3,Lower Saxony,220409,163543,74.199783,36.39715548815908,34.8941868499416,37.02206759078652,32.31932886152266,5.377179090514421,6.434393401123864,11.3438056046422,12.33314785713849,1.6319867,1.7444953,3.3642528,4.1781058,831,282,338,8,12,36,8,47,392,6,79
28,Delmenhorst - Wesermarsch - Oldenburg-Land,3,Lower Saxony,227719,162698,71.446831,39.23342634820342,38.48848787323753,38.879396181883,33.71153917073351,4.470245485500744,5.417399107548956,6.013595741803833,8.026527677045815,1.6884043,1.5839162,3.2526522,3.9084685,1947,292,150,8,9,37,9,34,412,6,82
29,Cuxhaven - Stade II,3,Lower Saxony,187640,137151,73.092621,46.24902479748598,43.52793636211184,36.0150491064593,33.1999037557145,3.575621030834628,4.550458983164541,6.070681219969231,6.99375141267654,1.5457416,1.4349148,2.9412837,3.4655235,2573,235,91,7,9,36,10,34,209,6,65
30,Stade I - Rotenburg II,3,Lower Saxony,194958,145131,74.442184,47.22974416217073,44.42331410932192,33.83908331093977,30.72947888459392,3.361101349814995,4.148665688240279,6.269508237385535,7.723367164837285,1.3677299,1.4683286,3.8806319,4.5000725,1969,249,126,8,10,37,8,38,350,5,61
31,Mittelems,3,Lower Saxony,228051,170444,74.739426,58.49721902795053,55.69160545399075,28.69153504963507,25.85541292154608,2.665391565558189,2.996292037267372,4.924197977048181,5.374199150454108,,1.4409425,2.2159772,2.5410106,2351,305,129,8,11,36,8,37,498,4,46
32,Cloppenburg - Vechta,3,Lower Saxony,216300,153769,71.090614,65.69269488648557,62.69209008317671,21.08487406434327,19.61903894803244,2.484896175431979,2.769739024120597,3.708159642060493,4.219315986967464,,1.1809922,2.105756,2.3255663,2231,299,132,9,12,36,7,38,534,4,47
33,Diepholz - Nienburg I,3,Lower Saxony,193097,142350,73.719429,46.9701440112399,43.13593256059009,33.06427818756586,31.21250439058658,3.465402177730945,4.467158412363892,7.482262030207236,8.118018967334036,1.5216017,1.5054443,2.5086055,3.4000702,2487,246,98,7,9,38,9,38,482,4,56
34,Osterholz - Verden,3,Lower Saxony,193643,144923,74.840302,43.59142441158409,39.49890631576768,37.02655893129455,32.71599401061253,4.964705395278872,5.525692954189466,6.713220123789874,9.458816060942707,1.7360944,1.8320073,3.1044071,3.7861485,1438,245,170,7,9,37,8,43,394,4,54
35,Rotenburg I - Heidekreis,3,Lower Saxony,167867,122823,73.166855,44.33045927879957,43.28423829413058,40.13987608184134,30.95348591061934,3.873867272416404,4.536609592665869,4.906247201257093,8.412105224591485,1.526587,1.4020176,,3.7338283,2724,213,78,8,10,36,9,37,297,5,63
36,Harburg,3,Lower Saxony,194856,152819,78.426636,44.79678573999306,42.47181305989439,31.34950496993175,28.0822410825879,3.580706587531655,4.345663824524437,7.037083085218461,9.212205288609402,1.5547805,1.6352679,5.6956267,5.9344716,1244,248,199,6,9,38,8,43,290,4,47
37,Lüchow-Dannenberg - Lüneburg,3,Lower Saxony,179069,133574,74.59359,39.41186158983035,36.50111548654678,33.30812882746642,28.75933939239673,5.827481396080075,6.889065237246769,11.9169898333508,14.14347103478222,2.1553595,2.2459462,3.6870947,4.3810921,2544,227,89,7,11,37,9,45,262,7,76
38,Osnabrück-Land,3,Lower Saxony,197532,144853,73.331413,52.59055732363155,47.61516848114986,32.00831187479721,29.14264806389926,3.563612766045577,3.992323251848426,5.750657563184746,7.625661877903806,1.7438369,1.5104969,,2.8028414,1916,263,136,8,10,37,9,32,428,3,46
39,Stadt Osnabrück,3,Lower Saxony,194231,142840,73.541298,45.09661159339121,42.53290394847382,34.34542145057407,30.17292075049006,4.088490618874265,5.032203864463735,8.798655838700645,10.77429291514982,2.1716607,1.9560348,,2.6358163,325,259,796,9,13,36,9,48,454,6,78
40,Nienburg II - Schaumburg,3,Lower Saxony,195948,141773,72.352356,41.15663772368504,39.6965571723812,44.18401247063969,36.00332926579814,3.279185740585302,4.236349657551155,5.764849442418514,8.01986273832112,1.8995154,1.486884,,3.8893161,1575,249,159,7,9,37,10,48,276,6,71
41,Stadt Hannover I,3,Lower Saxony,181122,129867,71.701393,35.92136570491349,33.04149630006083,42.89850385394288,34.99041326895978,4.955069417172954,6.154758329675746,7.604703273348888,12.10315168595563,1.8742251,1.8742251,3.1193452,3.5836663,112,257,2267,8,15,35,9,51,966,8,98
42,Stadt Hannover II,3,Lower Saxony,193157,141215,73.108925,33.4100485075948,29.51811068229296,42.26604822433877,34.19750026555253,6.13036858690649,7.880890840208194,10.07612505753638,15.26679177141239,2.0798073,2.2044401,2.6923485,3.3629572,91,271,2957,8,15,35,9,51,966,8,98
43,Hannover-Land I,3,Lower Saxony,232941,176671,75.843666,43.87194276366806,40.91560018339172,38.17264859541181,32.78523356974263,3.520668360964731,4.489135172156155,4.944218349361242,8.098669277923372,1.2633653,1.424116,3.0525665,3.983676,1131,303,267,7,10,37,9,51,533,8,98
44,Celle - Uelzen,3,Lower Saxony,215285,157058,72.953529,47.98800443148391,43.65775700696558,33.89639496237059,29.88131772975589,3.600580677202053,4.511072342701422,6.088833424594736,7.685695730239785,,1.7019191,4.1965389,4.9166551,2999,270,90,7,10,36,10,37,340,7,75
45,Gifhorn - Peine,3,Lower Saxony,217256,161941,74.539253,41.60033592481212,39.79906262157206,42.76804515224681,35.73832445149777,4.205235239994813,4.677629507042688,4.733822812011782,7.320567367127534,1.8914295,1.7494025,,3.5729063,1824,278,152,7,9,38,9,37,217,5,65
46,Hameln-Pyrmont - Holzminden,3,Lower Saxony,191980,137839,71.798622,38.97735764188655,36.95398254485306,41.70372681171512,35.84689383991469,4.576353571920865,5.224210854692793,5.950420418023927,8.290832057690494,1.8695725,1.5612417,3.6063814,4.0264368,1622,241,149,7,9,35,12,38,278,7,81
47,Hannover-Land II,3,Lower Saxony,240409,182963,76.104889,41.40782562594623,38.06452670758569,42.86823018861737,35.61867700026781,4.017205664533266,4.738116449773997,5.149675070915977,8.860807922913375,1.7183802,1.4959309,,3.8029547,954,307,321,7,10,37,10,51,271,8,98
48,Hildesheim,3,Lower Saxony,219571,164796,75.053627,41.65938493652759,38.25396247481735,40.64783125804025,35.99541251001238,4.799266972499332,4.927304060778175,8.356392145440424,8.851549794897934,,1.7822034,,3.3987474,1205,280,233,8,10,36,10,47,270,7,76
49,Salzgitter - Wolfenbüttel,3,Lower Saxony,208990,152599,73.017372,36.51400074705601,35.12015150820123,45.92428521812069,38.58544289281057,4.275257373901533,5.544597277832751,4.344720476543096,7.216954239542854,1.3886068,1.4600358,2.9803603,3.8912444,1235,267,217,7,9,36,10,35,438,7,82
50,Braunschweig,3,Lower Saxony,193799,143752,74.175819,34.58038844676944,33.68231398519673,43.09644387556347,33.21066837330959,4.952278924814959,6.627386053759252,7.03781512605042,12.25304691412989,2.7909176,2.9001336,2.7088318,3.5422115,192,251,1303,9,15,35,9,59,715,7,85
51,Helmstedt - Wolfsburg,3,Lower Saxony,187425,133269,71.10524,44.09127403972416,40.66061874854617,38.13790153749184,34.39434527159354,4.300324906767515,4.832331599996999,5.001913423226707,6.756259895399531,2.2300761,1.8458906,,3.6707711,1151,240,208,7,11,36,10,45,1125,5,65
52,Goslar - Northeim - Osterode,3,Lower Saxony,208311,149429,71.733612,41.30590447637339,37.32541876074925,41.63114254930435,37.46595373053424,4.554002235175234,5.002375710203507,5.241954372979809,6.78650061233094,1.5880451,1.4327874,,3.8366046,2299,259,113,7,9,36,12,42,282,7,79
53,Göttingen,3,Lower Saxony,222102,165814,74.656693,37.72781550411907,35.58203770489826,39.91942779258687,32.81387578853414,5.175075687215796,6.291386734533876,10.09564934203384,12.10754218582267,1.9413319,1.91359,,3.6914856,1263,289,229,9,13,36,9,52,372,6,72
54,Bremen I,4,Bremen,256547,184512,71.921326,29.91566944155394,29.9460197710718,37.48319892473118,32.79027922303157,8.230359001040583,10.02753208463406,13.73460804717308,13.79205688518904,2.6280134,2.57761,2.8919528,3.3943591,153,346,2252,8,13,35,10,36,666,10,131
55,Bremen II - Bremerhaven,4,Bremen,227276,148510,65.34346,28.32603865059592,27.74560635647431,43.28058716584741,38.18059389940071,8.979193320315131,9.953538482257088,8.299104437411623,9.808093731061881,2.6813009,2.4907413,3.6549728,4.0697598,265,315,1186,8,13,35,10,39,576,11,144
56,Prignitz - Ostprignitz-Ruppin - Havelland I,12,Brandenburg,162624,103904,63.89217,32.83319217739452,35.90333384662765,28.94883738835848,24.67469972282107,23.59774407145057,22.18201416692331,2.685170927009547,3.399291653834308,2.53407,1.8930936,,4.5821142,5115,193,38,6,10,39,11,35,149,11,122
57,Uckermark - Barnim I,12,Brandenburg,160234,100634,62.804398,38.15211558717729,36.14782280342628,23.08861816086015,22.33340620466244,25.511258620347,23.42349504143729,2.807202337182265,3.557445793668144,2.440527,1.9724944,,4.7459111,3865,193,50,6,10,39,10,34,171,13,135
58,Oberhavel - Havelland II,12,Brandenburg,250706,177378,70.751396,36.6905704202325,35.62955947186235,27.43744996561017,23.45443065092627,19.19403759203509,18.0535353877031,4.797663746349603,5.559314007374082,2.9772575,2.1953118,,6.6034122,2460,305,123,6,10,41,8,37,290,8,87
59,Märkisch-Oderland - Barnim II,12,Brandenburg,251583,175093,69.596512,33.24518969918843,31.60606077912881,19.84374018378804,21.31610058654543,32.206313216405,25.6983431662031,3.355930848177825,4.119525052400724,2.6203218,2.2662241,,6.2715244,2814,300,106,6,10,41,9,36,150,9,100
60,Brandenburg an der Havel - Potsdam-Mittelmark I - Havelland III - Teltow-Fläming I,12,Brandenburg,191014,124176,65.00885,32.19060043808788,33.41144826697591,32.45876819997423,25.77148563329468,23.33301120989563,22.48502126014689,2.377270970235794,3.686702744491689,2.4465275,1.9230769,,4.7746749,3383,226,67,6,11,38,10,42,169,9,93
61,Potsdam - Potsdam-Mittelmark II - Teltow-Fläming II,12,Brandenburg,244812,182227,74.435486,32.04739144034638,30.97729754646677,31.64679218776581,24.54246626460404,19.70838569476532,20.46568291197243,7.080728980886477,8.912510220768603,2.9880314,2.6417601,,5.6424131,721,304,419,7,13,38,8,51,337,7,76
62,Dahme-Spreewald - Teltow-Fläming III - Oberspreewald-Lausitz I,12,Brandenburg,240784,169480,70.386734,36.27979702619778,34.14385178192117,26.59782865234836,22.2917158366769,21.40901581307529,21.42435685626623,3.731413736134057,4.381047911257966,2.5554638,2.1341751,,6.2573757,3951,289,73,6,11,39,9,39,335,7,78
63,Frankfurt (Oder) - Oder-Spree,12,Brandenburg,199341,135293,67.870132,33.12957802694892,32.74448788924778,23.8674580355229,21.90135483727909,27.35396509797255,24.2895050002587,3.837596919278898,3.892293023290192,3.6786826,2.1516266,,6.3284869,2391,241,101,6,11,39,10,43,273,9,113
64,Cottbus - Spree-Neiße,12,Brandenburg,187157,125920,67.280411,35.18186149936467,35.12547649301144,23.43551461245235,21.33338627700127,19.60054002541296,22.20854510800508,2.603240152477764,3.479987293519695,2.2943139,2.0767155,,6.7939963,1812,225,125,7,11,38,10,44,255,11,116
65,Elbe-Elster - Oberspreewald-Lausitz II,12,Brandenburg,177689,118680,66.790855,39.98483316481295,38.79676440849343,22.01887428378834,19.49443882709808,22.86568924839906,21.33552409841591,2.442703067071116,2.615436467812605,3.230536,2.2126727,,5.8232222,2967,211,72,6,10,39,11,35,181,13,114
66,Altmark,15,Saxony-Anhalt,172378,107895,62.592094,41.4161916678252,41.3874600305853,17.25381157606933,18.71819824829695,29.81046387691737,24.26433106260716,2.778627369201538,3.282821261411558,2.3550675,1.8508736,,3.5460401,4716,206,44,7,10,39,10,28,174,12,121
67,Börde - Jerichower Land,15,Saxony-Anhalt,228139,141814,62.161224,43.64167148518482,42.45490572157897,22.64797551722679,19.23575951598573,20.98452903098425,21.32017995402428,2.546293031717602,3.018742860366395,2.9785495,1.8023609,,3.7937016,3943,271,69,6,11,40,10,24,375,9,94
68,Harz,15,Saxony-Anhalt,224917,132539,58.927959,45.10295082956715,42.71874693486446,18.76806072174982,18.41495710696474,22.52921781513366,22.54053523868446,3.718150883890779,3.558197964372751,1.928489,1.701386,,3.715133,2339,265,114,6,10,37,11,30,213,9,113
69,Magdeburg,15,Saxony-Anhalt,244267,154404,63.211159,35.65063081267324,36.90448433978394,24.70985207637108,20.57135825496749,24.76036890236004,23.62179736276262,3.933188259371519,5.498562213414161,2.6896973,2.366519,,4.1158261,588,292,497,9,13,34,10,37,331,11,139
70,Dessau - Wittenberg,15,Saxony-Anhalt,185954,120805,64.964989,43.91208973138529,41.91300028972311,17.00674640950292,16.84864037084558,21.53470468937544,22.46264641364182,4.301146475725343,3.893050784321841,1.699433,1.7880055,4.6148753,5.0080709,2174,219,101,6,10,37,11,32,331,11,113
71,Anhalt,15,Saxony-Anhalt,236732,140667,59.420357,40.1757341807247,40.77502186013777,15.1023338807254,16.50991348361734,28.23334541861275,25.18358961234689,2.050232108454719,2.5393304755202,1.2227459,1.5639774,4.488615,4.7168136,2257,280,125,6,10,38,11,27,243,11,133
72,Halle,15,Saxony-Anhalt,219667,143332,65.249672,35.72544860882427,37.16197359975442,22.99346970669495,17.62272207183323,25.12069879719812,24.03440962241509,3.687941283174728,7.105880054698183,2.0218792,2.5109537,3.3265426,4.101666,414,267,648,9,14,33,9,37,229,11,143
73,Burgenland - Saalekreis,15,Saxony-Anhalt,201043,123809,61.583344,44.05495561711992,42.15687066368358,15.17741036596693,16.03276013860059,25.28087618832234,23.36906040756326,3.844631650364674,3.014320445201883,2.009547,1.693738,,4.2274795,1711,239,141,6,11,38,12,32,383,12,122
74,Mansfeld,15,Saxony-Anhalt,217783,132983,61.062157,41.13683703932082,40.50818525676214,17.71655023574442,16.84350631283698,27.0575938277825,25.27616311859411,2.401058781949573,2.73493604445681,2.3484204,1.680666,,4.044126,2305,256,112,6,10,38,11,24,164,12,122
75,Berlin-Mitte,11,Berlin,204085,141574,69.370117,23.49654597595604,22.28092728890898,27.80171500416743,25.71305465692853,16.38718973822877,18.41298543517878,18.14386822439149,16.4783081639284,3.8587594,4.6675239,2.9751225,3.8446324,39,344,8607,8,16,36,8,41,355,11,161
76,Berlin-Pankow,11,Berlin,235344,175061,74.385155,23.58892043344891,23.20162686149399,20.6670817600722,21.7238562558194,27.9479724210418,24.83248696168764,14.53321984908118,13.88087580900372,3.3474047,3.8655097,4.0488744,4.7823329,96,309,3167,8,16,36,8,41,355,11,161
77,Berlin-Reinickendorf,11,Berlin,182934,133484,72.968391,44.0839351532768,39.36426837673429,28.91207935033412,25.89898414791286,6.373797608702167,7.786701027838543,6.585058883461688,8.560576548500194,2.435498,2.5598574,4.3840461,5.9228072,89,246,2731,8,16,36,8,41,355,11,161
78,Berlin-Spandau - Charlottenburg Nord,11,Berlin,187363,130485,69.642883,38.3729930643369,35.83323753688163,36.62489941372571,28.30363643330651,7.049852473464383,9.308349618730121,4.55378012798406,8.079089550523049,3.0884776,3.0348315,4.2479978,5.7155995,99,264,2628,8,16,36,8,41,355,11,161
79,Berlin-Steglitz - Zehlendorf,11,Berlin,220007,175539,79.787918,41.848250246384,36.74397142515338,28.79132272600391,25.27700397062761,5.185172525763505,7.078768820603969,11.63046388551832,13.37993266453609,2.4017456,2.4826391,4.1705832,5.2734718,102,299,2902,8,16,36,8,41,355,11,161
80,Berlin-Charlottenburg - Wilmersdorf,11,Berlin,197797,153420,77.564369,36.55260070394994,32.12423412853605,31.03832616347282,26.76183026984748,6.106113935601616,8.764176769651936,14.45443879546343,15.20271151088515,2.3836527,2.5237908,3.6820493,4.742537,57,292,5087,8,16,36,8,41,355,11,161
81,Berlin-Tempelhof - Schöneberg,11,Berlin,235259,177205,75.323364,34.3816483733529,31.19268643661296,25.76620298524308,26.99359498885472,7.223836799187382,10.12217488219858,20.0112863632516,15.20329561806947,2.9530768,3.1184223,3.6065574,4.5077734,53,335,6335,8,16,36,8,41,355,11,161
82,Berlin-Neukölln,11,Berlin,205635,140825,68.482994,29.88957926504527,28.43103142197763,31.61938576247115,25.71347417006923,11.46387360198828,13.97266110420735,11.45109178057873,13.60269838451979,4.3273568,4.0149121,2.9398189,4.1413102,45,321,7074,8,16,36,8,41,355,11,161
83,Berlin-Friedrichshain-Kreuzberg - Prenzlauer Berg Ost,11,Berlin,226240,168048,74.278641,13.52173188612777,15.1587641626202,17.73243359040274,23.67418832714462,16.92433114348281,24.77803960773112,39.30781681424355,20.48224316861849,3.7590451,5.7197943,1.9786013,2.7509997,26,347,12842,8,16,36,8,41,355,11,161
84,Berlin-Treptow - Köpenick,11,Berlin,201629,148406,73.6035,22.26055550314677,25.04615716345701,17.58217322749754,21.02610406587335,41.54885921054404,29.05408137137313,4.948586984353732,7.268574046871421,2.8334434,3.4877295,3.9001119,5.4620433,167,246,1457,8,16,36,8,41,355,11,161
85,Berlin-Marzahn - Hellersdorf,11,Berlin,203968,132817,65.116585,25.26182642282238,25.5592281108593,16.82088889223518,18.90044196149589,38.29780826249652,32.39494944171303,3.065119675945097,3.81577659486361,2.7616947,3.008651,4.7787557,6.2635055,61,255,4091,8,16,36,8,41,355,11,161
86,Berlin-Lichtenberg,11,Berlin,205457,138551,67.435524,22.3657714487806,22.72881466030559,19.22468982540725,20.12688468506182,39.64749442443577,34.03656415327208,4.148652842635564,5.742289842729392,3.5488737,3.6607459,4.2056718,5.3987341,52,267,5069,8,16,36,8,41,355,11,161
87,Aachen I,5,North Rhine-Westphalia,179933,134447,74.720589,40.29468861335694,36.24327802033515,34.88884095591571,27.09766673856613,6.117652309088339,7.595558100961718,8.874128838873311,13.00512469597685,3.3775392,3.472744,2.2023549,3.0859745,160,260,1619,12,16,34,8,41,689,8,90
88,Aachen II,5,North Rhine-Westphalia,228375,164576,72.063927,44.73374003499902,40.30235271242466,35.02029457515069,32.14138148940307,5.722584094886253,6.403120746645927,5.526929807505347,6.209896947307019,2.7604268,2.2554929,,3.2428787,546,306,560,8,10,37,9,41,451,8,90
89,Heinsberg,5,North Rhine-Westphalia,188266,134521,71.452629,52.51893756365177,48.6295819983497,27.83505921008615,25.94018777737305,4.252124203655935,5.140461340608529,5.583514841548904,5.453423629024464,2.4605823,2.2442594,2.2621005,3.4581962,628,254,405,8,10,38,9,35,346,7,69
90,Düren,5,North Rhine-Westphalia,199550,145541,72.934601,49.40394802839062,43.65230416171389,33.56373805319463,29.23506091067122,5.007523653128672,5.579183872585732,4.775973780584166,5.997622663029661,3.344075,2.3897047,,3.9384091,941,267,283,8,10,37,9,36,411,7,81
91,Rhein-Erft-Kreis I,5,North Rhine-Westphalia,247721,182970,73.86132,45.68945728808001,41.27507241624311,34.8013335519484,30.10821446138711,4.273924687107176,5.064218177843363,5.368093130021315,6.702738153795703,3.5355523,2.1123681,,3.639941,525,337,638,7,10,38,8,38,498,7,75
92,Euskirchen - Rhein-Erft-Kreis II,5,North Rhine-Westphalia,245268,178218,72.66256,49.8036113074998,44.35859453029436,30.13331986668014,26.36209586012636,4.582028751304582,5.092078241255092,5.648138796305648,7.038570739207038,2.7460749,2.1468089,,4.030457,1428,320,224,7,10,37,9,36,345,6,64
93,Köln I,5,North Rhine-Westphalia,191277,132837,69.447449,36.30916085126884,33.02016757379344,36.61028177390335,30.68346921414967,6.461302197429933,8.061759901232337,10.17261756890023,12.08699383454911,2.5301685,2.635561,2.9246371,4.0402899,128,280,2168,8,16,36,8,40,929,9,109
94,Köln II,5,North Rhine-Westphalia,233118,184162,78.999474,39.6449864792954,35.24559898350365,32.56643607258827,26.16717889684083,5.169904757767617,6.890129342643976,14.34932287876978,15.55261128788784,1.9966117,2.2110968,2.0845778,3.233566,101,304,2969,8,16,36,8,40,929,9,109
95,Köln III,5,North Rhine-Westphalia,201922,141714,70.182549,32.45903721580084,30.27364974526158,38.82538069633205,31.2178048746066,7.679551773289865,9.145179728184937,12.73409825423035,14.75154183778596,2.9361954,2.6736948,,3.1845829,123,295,2390,8,16,36,8,40,929,9,109
96,Bonn,5,North Rhine-Westphalia,226487,175014,77.273308,37.01303895688345,35.90798450409681,37.6855565840447,25.66023289565406,4.298513261796199,6.278354874467186,8.454752191253272,13.53377444090187,2.3500977,2.5243695,2.5037997,4.2219481,141,329,2322,9,15,36,8,53,883,6,80
97,Rhein-Sieg-Kreis I,5,North Rhine-Westphalia,234377,172653,73.66465,48.97453273328584,42.96884502441313,29.11678337474588,26.68068322010043,4.602294776227462,5.500049231695945,6.310345027309111,8.108749920360491,2.0109699,2.1841497,3.1965849,4.3520818,660,317,479,8,10,38,8,41,370,5,59
98,Rhein-Sieg-Kreis II,5,North Rhine-Westphalia,213791,164635,77.007454,51.66459136878549,44.86287848877821,26.78531296504388,24.03559388951317,3.307316184286452,4.514835848999302,7.126066753727944,8.577762930118141,1.9139308,1.9212197,3.0722508,4.4717102,492,284,576,7,10,37,9,41,257,5,59
99,Oberbergischer Kreis,5,North Rhine-Westphalia,209414,150899,72.057739,51.55766439804107,44.69015699242539,29.67083943564901,26.6303951649779,4.223354694199431,5.338007541468134,5.086183473714207,6.856904286973406,1.8350022,1.8880178,2.9523058,4.961597,918,278,304,8,10,36,9,33,573,6,53
100,Rheinisch-Bergischer Kreis,5,North Rhine-Westphalia,216414,169131,78.151596,57.95330246968327,43.32617911559679,24.77014858305101,25.85037633550325,4.070217760197717,5.009726188575719,6.782907923443958,8.935677078714132,,1.9576541,2.7865975,4.6975422,437,276,631,7,9,37,10,42,256,6,57
101,Leverkusen - Köln IV,5,North Rhine-Westphalia,214098,150030,70.075386,38.79290808504965,35.24895020995801,40.77317869759381,32.33419982670133,5.701526361394388,7.075251616343397,7.057921748983537,9.520095980803839,,2.5434914,,3.8705592,131,305,2322,8,13,36,9,44,768,8,100
102,Wuppertal I,5,North Rhine-Westphalia,213132,145925,68.466957,35.92735994517732,32.53040945691279,40.02535549083433,31.96025355490834,7.532636628405003,8.565358917252013,6.988521500770944,9.811889669350695,2.922049,2.4402947,,4.1041632,130,307,2344,8,12,35,10,39,462,11,133
103,Solingen - Remscheid - Wuppertal II,5,North Rhine-Westphalia,226117,160929,71.170677,43.6645974311653,38.54432700134842,32.89090219910643,29.90324925898999,5.730477415506217,6.673750535950637,7.042857409168018,7.876765530140621,2.7540095,2.4240503,3.5941315,4.2583995,201,311,1546,8,11,36,10,37,493,9,100
104,Mettmann I,5,North Rhine-Westphalia,205564,154473,75.145943,48.95871770471215,42.52911512044177,34.20144620742784,27.948573537123,3.688023149676642,5.054605011879099,5.007347562357175,7.573491807629812,2.0288336,2.099396,3.0315979,5.0261211,183,272,1481,7,10,37,10,36,785,6,72
105,Mettmann II,5,North Rhine-Westphalia,165493,123036,74.345139,44.95188400143048,40.84495594785266,36.64862316720309,30.54390584869469,4.198771091387886,5.401671055625996,4.866055463441595,6.833772229266232,2.4358723,2.1579051,3.1787443,4.6571736,223,221,995,7,9,36,10,36,798,6,72
106,Düsseldorf I,5,North Rhine-Westphalia,218889,165028,75.393463,47.38953389727804,39.97988220180817,28.92297064740529,26.21918704704656,5.245776474295271,6.365586445936447,8.136195069927528,9.359017863635263,1.8560487,2.095402,3.0425141,4.1756549,129,312,2403,7,15,37,8,43,1293,8,104
107,Düsseldorf II,5,North Rhine-Westphalia,196250,139390,71.026749,40.16787430949135,36.6238611091183,34.48238754573499,29.94260707367817,8.994906377788938,7.679890953439989,7.400100437621063,9.612597747327642,2.7605999,2.5173972,,4.1932707,87,281,3198,7,15,37,8,43,1293,8,104
108,Neuss I,5,North Rhine-Westphalia,214614,154444,71.963615,50.96475097770066,44.9871798192225,30.18505089223278,27.58540312346223,3.873896039988604,4.924762373416902,4.678718499909353,6.062391546450494,2.5193598,2.3736758,2.6902955,4.0636086,347,291,838,7,11,37,9,44,717,5,66
109,Mönchengladbach,5,North Rhine-Westphalia,192676,127559,66.203888,50.0497808857078,43.14082111023134,28.74356180277362,27.78870953833128,6.13598413283265,6.334323724707783,5.987817402143322,6.108545849371663,,2.4686615,3.3388472,4.1196623,170,257,1509,8,11,36,9,38,506,10,140
110,Krefeld I - Neuss II,5,North Rhine-Westphalia,202204,150999,74.676567,48.47780448877145,44.24002807965616,30.56179179994569,27.13130550533447,4.082808495420499,5.144404929833972,5.756991768157405,6.823223994860893,2.2331274,2.1013384,2.4059763,3.8099589,302,273,899,7,10,37,10,41,463,7,88
111,Viersen,5,North Rhine-Westphalia,227631,167490,73.579613,52.39954624156666,45.82184010985731,28.17959281151114,26.33172129679384,4.775210460325989,5.311958922920772,5.301809063227656,6.630843632455669,2.0693772,2.0681832,2.4968655,4.0635262,563,299,532,8,9,38,9,41,425,7,64
112,Kleve,5,North Rhine-Westphalia,225823,161873,71.681358,50.17266622599198,48.08275623482607,32.60457272058959,26.72033013535302,,4.523299129564535,5.695823268858921,6.088723876125111,2.6730833,1.9842716,3.2840559,3.8919399,1232,308,250,8,10,38,8,29,368,6,57
113,Wesel I,5,North Rhine-Westphalia,207485,153981,74.213074,42.97413317227451,38.9463635123814,38.77686208038654,34.58153928082036,4.888265435345919,5.903975165767205,4.863587065936707,6.35143296900267,2.3165195,2.0483046,2.9289329,3.6874681,883,264,300,8,9,38,9,37,421,6,72
114,Krefeld II - Wesel II,5,North Rhine-Westphalia,182593,131185,71.845581,39.51290162747265,36.44166634904905,40.84155962953081,34.19293364332813,5.331402218241415,6.514464306132561,5.250600297290086,7.230247360597629,2.3173382,2.0878911,,3.8762054,175,247,1412,7,10,37,10,37,393,8,92
115,Duisburg I,5,North Rhine-Westphalia,171223,121815,71.144066,31.58642203341132,29.64249066206953,45.78992734884866,38.7185486188072,7.225711119320281,7.778188236259902,5.013339900669048,6.847268398801461,3.2229199,2.3781965,,5.0987153,118,240,2028,8,11,36,10,36,382,12,135
116,Duisburg II,5,North Rhine-Westphalia,166103,105682,63.624378,29.00588558127212,26.17758937188925,42.35252928597112,42.32224976817244,8.440415586381787,8.66751196987188,5.082227815522038,5.086958990178082,2.7525973,2.3173294,4.0678639,5.0614104,114,246,2166,8,11,36,10,36,382,12,135
117,Oberhausen - Wesel III,5,North Rhine-Westphalia,208991,147679,70.662849,31.75062127993825,29.71444822892896,44.31368034723962,40.77898685662823,7.196012974085686,7.94425747736645,7.716736976821349,6.503294307247476,3.006521,2.4234996,,4.1610522,124,281,2258,8,11,37,10,38,365,10,112
118,Mülheim - Essen I,5,North Rhine-Westphalia,191475,140961,73.618484,35.10687353239548,33.5177815140358,41.67180993324395,37.79414164201446,5.436964834244933,6.362043402075751,6.259887486609772,6.978525975269756,2.1942239,2.0275111,3.8187869,4.5431004,115,273,2358,7,11,36,11,44,551,9,121
119,Essen II,5,North Rhine-Westphalia,167962,108599,64.656883,30.61077910477997,28.12180590981501,47.58515271779666,41.14586690485179,7.138187276125932,8.025856591681322,4.955846738920248,7.012955920404424,2.8066556,2.5165977,,4.1952505,67,214,3161,8,12,35,10,43,544,12,143
120,Essen III,5,North Rhine-Westphalia,195692,151040,77.18251,39.12936970338983,35.95736228813559,39.06779661016949,32.8561970338983,4.860301906779661,6.524761652542373,7.664194915254237,9.633209745762713,2.0981197,2.0438294,2.6582363,3.8479872,118,253,2146,8,12,35,10,43,544,12,143
121,Recklinghausen I,5,North Rhine-Westphalia,172167,122346,71.062401,33.82456312425416,33.42814640445948,44.54906576430778,39.29020973305216,6.056593595213575,6.738266882448139,5.049613391528943,6.306703938011868,2.4136465,2.1749792,3.2048452,4.4660225,165,221,1345,8,10,37,10,35,267,10,110
122,Recklinghausen II,5,North Rhine-Westphalia,191504,137426,71.761429,35.94952920117008,34.25989259674297,44.93181785106166,39.56893164321162,5.478584838385749,6.185874579773841,4.899364021364224,5.719441735916057,2.7702181,2.2848661,,3.997788,388,251,648,8,10,37,10,35,404,10,110
123,Gelsenkirchen,5,North Rhine-Westphalia,181476,118452,65.271439,28.24772903792254,27.33596731165366,49.78134603045959,43.48934589538379,6.004119812244622,7.496707527099584,3.604835714044508,5.414007361631716,2.2540777,2.1688111,3.718806,4.6879749,104,256,2445,8,11,36,10,36,384,13,170
124,Steinfurt I - Borken I,5,North Rhine-Westphalia,201091,147449,73.324516,51.44354997321108,49.37435994818548,31.50852159051604,27.85573316875665,3.719252080380335,4.354047840270195,5.058020061173694,6.060400545273281,2.2014391,1.8840413,2.2190723,2.7982557,977,274,279,9,11,36,8,30,507,4,48
125,Bottrop - Recklinghausen III,5,North Rhine-Westphalia,206061,148181,71.911232,36.0059656771111,34.43153980604801,45.15626159899042,39.68120069374616,5.282053704591007,6.176905271256099,3.561185307158138,5.3974531147718,2.4382343,2.0441217,3.7319224,4.0720472,307,267,870,8,10,37,10,35,268,9,105
126,Borken II,5,North Rhine-Westphalia,198648,151387,76.208672,56.82654389082285,53.07721270650716,26.84708726640993,25.35950907277375,2.981101415577295,3.59806324188999,6.307014472841129,6.03618540561607,1.9922451,1.6302589,1.8819318,2.6699784,995,259,261,9,11,37,8,27,461,4,43
127,Coesfeld - Steinfurt II,5,North Rhine-Westphalia,190611,149678,78.525375,55.56928873982816,49.70069081628562,26.53963842381646,25.43794011143922,3.293069121714614,4.120177982068173,6.912171461403814,8.072662649153516,1.9268029,1.7404027,2.0283542,2.8167131,1260,244,194,8,10,38,8,33,376,3,38
128,Steinfurt III,5,North Rhine-Westphalia,193909,146050,75.318832,47.50770284149264,42.95035946593632,36.14241698048614,33.08729887024992,3.788428620335502,4.631975350907223,5.795275590551181,7.518657993837727,1.6131462,1.7144814,1.7569326,2.7579596,1091,252,231,8,10,37,9,33,366,4,51
129,Münster,5,North Rhine-Westphalia,227762,180093,79.070694,38.50899257605793,37.55059885725709,35.14628553025381,26.97439656177642,4.23114724059236,6.248993575541525,10.97599573553664,15.05777570477476,1.9889723,2.2416196,2.0272858,2.9073868,303,293,963,11,16,34,8,50,952,5,69
130,Warendorf,5,North Rhine-Westphalia,210355,158085,75.151527,50.77774614922352,46.66097352690009,31.66397823955467,28.85093462377835,3.471550115444223,4.338172502134928,5.882911092133979,7.15121611791125,2.0008223,1.9755195,2.185533,2.8914824,1317,277,210,8,10,37,9,32,510,5,55
131,Gütersloh I,5,North Rhine-Westphalia,233596,168983,72.339851,49.63161974873212,45.78034476840865,33.15777326713338,28.382736724996,4.221134670351455,4.930673499701153,5.36681204618216,7.78066432718084,1.8546244,1.8167508,2.4724381,3.1281254,865,318,366,8,11,37,8,33,814,4,50
132,Bielefeld - Gütersloh II,5,North Rhine-Westphalia,247179,179625,72.670006,36.75490605427975,34.90494084899095,37.55824634655532,32.25107863604732,6.765762004175365,8.277800974251914,10.59206680584551,11.53013221990257,2.540849,2.3320808,2.4484344,3.3826027,293,335,1141,9,13,34,10,41,587,8,106
133,Herford - Minden-Lübbecke II,5,North Rhine-Westphalia,230975,163815,70.923264,40.21182431401276,38.91890242041327,40.67820407166621,34.5230900711168,5.314531636297042,5.743674266703294,5.011140615938711,7.506638586210054,2.8672588,2.0449898,,3.5601134,515,295,574,8,10,36,10,38,464,5,65
134,Minden-Lübbecke I,5,North Rhine-Westphalia,206505,145637,70.524681,45.58250993909515,40.60369274291561,39.95275925760624,34.01333452350708,4.080693779740038,4.884747694610573,4.066961005788365,7.228245569463803,2.579015,1.9864458,,3.549922,1087,263,243,8,10,36,10,39,577,5,71
135,Lippe I,5,North Rhine-Westphalia,172330,125708,72.946091,39.60209374105069,38.80103096063895,40.517707703567,34.67002895599325,4.125433544404493,5.066503325166258,5.624144843605817,7.257294682915965,2.2385211,1.9871448,2.5089891,3.7849619,759,221,291,8,10,35,11,32,464,7,78
136,Höxter - Lippe II,5,North Rhine-Westphalia,213488,155994,73.069214,49.28522891906099,45.20686693077939,30.872341243894,29.30048591612498,4.056566278190187,5.060451042988833,5.613677449132659,6.581022347013346,1.8295575,1.8289165,2.5667653,3.5546238,1687,272,162,8,10,35,10,35,382,6,61
137,Paderborn - Gütersloh III,5,North Rhine-Westphalia,247138,176149,71.275566,58.39772011195068,50.74908174329686,22.95159211803643,23.06570006074403,3.956309715070764,5.146211445991746,6.38890938921027,7.065041527343328,2.1572645,2.0902758,1.998876,3.5742469,1314,327,249,9,12,36,8,33,372,6,64
138,Hagen - Ennepe-Ruhr-Kreis I,5,North Rhine-Westphalia,212903,147183,69.131485,33.51541957970689,34.87359273829178,46.23088264269651,36.26777549037593,5.558386498440717,6.671966191747688,4.430538852992534,6.662454223653547,2.6708248,2.2162886,,4.3306632,323,285,886,8,10,35,10,40,590,9,105
139,Ennepe-Ruhr-Kreis II,5,North Rhine-Westphalia,181174,134749,74.375465,35.27298903887969,32.6740829245486,41.70494771760829,37.8080727871821,5.004118768970456,6.30654030827687,8.136609548122806,8.958136980608391,2.2285879,2.1899977,2.9632874,3.8427002,245,230,940,7,10,37,10,39,470,7,78
140,Bochum I,5,North Rhine-Westphalia,210904,154030,73.033226,34.96786340323313,30.1551645783289,43.40128546387068,38.15230799194962,6.70713497370642,7.80497305719665,6.701941180289555,9.52217100564825,2.9916251,2.533922,,3.7784848,103,282,2736,8,12,37,10,41,333,9,103
141,Herne - Bochum II,5,North Rhine-Westphalia,184009,126927,68.978691,29.78641266239649,27.69229557147021,47.75185736683291,43.23430003072632,7.48461714213682,8.006176778778352,5.667824812687608,6.519495458019177,2.9773018,2.4250159,,3.8990917,93,255,2725,8,11,37,10,38,297,11,118
142,Dortmund I,5,North Rhine-Westphalia,213946,149031,69.658234,30.4030705021103,28.65980903301998,44.9698384899786,37.69685501674148,5.928296797310627,7.819178560165335,7.409196744301521,10.61993813367689,2.53303,2.7363434,3.4811549,4.066268,126,284,2249,8,12,35,10,38,503,12,137
143,Dortmund II,5,North Rhine-Westphalia,206701,137503,66.522659,31.77239769314124,28.80228067751249,46.09935783219275,40.49584372704595,6.792579071002088,7.685650494898293,6.71112630269885,8.238365708384544,2.9352088,2.4159472,,4.051548,154,297,1922,8,12,35,10,38,503,12,137
144,Unna I,5,North Rhine-Westphalia,200068,148119,74.034325,35.39923980043073,31.59216575861301,46.1027957250589,40.52079746690161,5.231604318149595,6.161937361175811,5.564444804515288,7.809261472194655,2.3865945,2.1529987,,3.730109,347,265,766,8,10,37,10,38,388,9,93
145,Hamm - Unna II,5,North Rhine-Westphalia,238091,167338,70.283211,38.76644874445733,36.44360515842187,42.5330767667834,38.03439744708315,5.543869294481827,6.214368523586992,4.93014139047915,5.969953029198389,2.3485401,2.0706594,,3.3005056,421,325,772,8,11,36,9,33,375,9,107
146,Soest,5,North Rhine-Westphalia,232311,167911,72.278542,49.07004305852505,44.29727653340162,32.83108313332658,30.03912787131278,4.923441585125453,5.193822918093514,5.876922893675816,6.887577347523391,2.3798323,2.0308378,,3.4012065,1327,303,228,8,10,37,9,35,485,6,58
147,Hochsauerlandkreis,5,North Rhine-Westphalia,205948,151727,73.672478,55.33095625696151,49.12111885162167,29.44894448581993,27.71688624964575,4.059264336604559,4.649798651525437,4.157467029599214,4.719660970031702,2.1617775,1.9376907,,3.3876634,1960,264,135,8,10,36,10,29,444,5,52
148,Siegen-Wittgenstein,5,North Rhine-Westphalia,215751,156569,72.569305,45.24075647158761,41.07262612650014,36.09271311690054,31.65569173974414,4.401254399018963,5.6971686604628,4.986938666019455,6.346722531280139,1.7449176,1.7385306,3.029974,4.8879409,1132,280,248,9,11,36,9,40,726,5,53
149,Olpe - Märkischer Kreis I,5,North Rhine-Westphalia,210836,150469,71.36779,51.11418298785796,47.47622433856808,32.37278110441353,27.91405538682386,3.744957433092531,4.727219560175185,3.410669307299178,5.134612445088357,1.7904021,1.7997062,2.6124983,4.0878854,1160,285,246,8,11,37,9,33,653,5,58
150,Märkischer Kreis II,5,North Rhine-Westphalia,206189,145197,70.419373,41.16338491842118,41.0036020027962,41.19988705000792,31.90010812895584,4.770071006976728,5.828632822992211,3.09786014862566,5.489782846753032,2.1446724,2.2617548,3.24318,4.9050598,611,279,459,8,10,36,9,33,513,6,73
151,Nordsachsen,14,Saxony,168695,112071,66.434097,44.53069928884368,44.14433707203469,19.91237697531029,15.14218664953467,21.27490608632028,20.25144774294867,3.03289878737586,2.805364456460636,1.9175345,1.9103961,,6.0336752,2020,203,101,6,11,39,10,23,254,10,105
152,Leipzig I,14,Saxony,210456,138427,65.774796,39.4186105311825,36.46759663938393,21.31881786067747,18.2666676298699,23.06125250131839,21.03780331871673,5.55021780433008,6.838261321851951,2.9206729,3.1511195,,6.0638461,170,262,1512,9,17,33,10,34,363,10,133
153,Leipzig II,14,Saxony,219865,153935,70.01342,33.83051287881248,32.19085977847793,23.07142625133985,18.69490369311722,24.52333777243642,22.28343131841362,8.920648325591971,11.09234417124111,2.5426316,3.8308377,,5.0034103,126,276,2160,9,17,33,10,34,363,10,133
154,Leipzig-Land,14,Saxony,220400,151537,68.755447,50.33292199264866,45.10317612200321,15.53547978381517,14.96730171509268,21.02786778146591,19.60973227660571,3.236833248645545,3.232873819595214,2.1110356,1.9170235,,6.31001,1647,264,161,6,10,38,10,27,246,9,94
155,Meißen,14,Saxony,207261,145679,70.287704,52.62666547683605,44.3591732507774,12.41771291675533,12.37240782817016,17.35253536885893,18.35199308067738,3.306585025981782,3.927127451451478,2.4711866,2.2323053,,6.9982634,1452,250,173,6,11,37,11,27,276,9,91
156,Bautzen I,14,Saxony,223726,155255,69.395149,48.17493800521722,44.65878715661331,11.12234710637339,11.91716852919391,20.90238639657338,19.50983865253937,2.388972979936234,2.736787865125117,1.9548485,2.002512,,6.9633827,2220,269,122,6,11,37,11,30,232,9,91
157,Görlitz,14,Saxony,223614,152944,68.396431,48.51710429961293,43.2223558949681,14.86884088293755,12.3175802908254,19.32079715451407,19.20964536039335,3.298592949053248,3.297939114970185,2.5355685,2.1308453,,8.0624285,2106,271,129,6,10,36,12,23,211,12,118
158,Sächsische Schweiz - Osterzgebirge,14,Saxony,207752,147427,70.962975,49.27455622104499,45.22441615172254,10.47433645126062,10.76125811418533,18.70145902717955,16.85444321596451,2.87871285449748,3.498680702991989,1.8850007,2.0213394,,7.7441716,1653,250,151,6,11,36,11,26,225,8,86
159,Dresden I,14,Saxony,233382,173167,74.198952,41.88846604722609,39.37932747001449,14.62230101578245,15.2684980394648,24.5999526468669,18.77089745736775,6.022510062540784,7.805759757921544,3.0126987,3.5145264,,6.8223162,81,287,3514,10,17,31,9,36,438,8,95
160,Dresden II - Bautzen II,14,Saxony,235691,173489,73.608665,41.05562888713406,38.09578705278145,14.49659632599185,13.80087498342834,18.78389984379413,17.90257595582429,9.597150251600967,9.397713976102231,4.5195947,4.327652,,6.8765168,417,292,696,9,16,32,10,35,437,8,95
161,Mittelsachsen,14,Saxony,210677,145578,69.10009,50.97542211048373,44.62968305650579,15.16643998406353,13.09950679360893,19.97485883856077,20.28122381129017,3.148140515737268,3.230570553242935,2.150737,2.0896015,,6.180192,1672,254,153,6,11,36,12,29,365,8,80
162,Chemnitz,14,Saxony,201249,135876,67.516357,41.147075274515,38.54985427890135,20.68135653095469,17.33786687862463,23.54499690894639,22.82522299743884,4.76537431187259,5.275398157143277,2.0665901,2.427213,,5.9892845,220,243,1101,7,13,32,12,31,365,10,110
163,Chemnitzer Umland - Erzgebirgskreis II,14,Saxony,191550,134560,70.247978,48.42226516052319,44.54444114149821,15.24747324613555,14.25237812128418,21.39045778834721,19.64476813317479,3.62217598097503,3.182223543400713,2.1574018,1.8742568,,7.1611176,901,227,254,5,10,36,12,28,245,8,83
164,Erzgebirgskreis I,14,Saxony,232499,161718,69.556427,49.04710669189577,45.20090527956071,11.83727228879902,12.43770019416515,20.07939746966942,19.00901569398583,3.123338156544108,2.451180449918995,2.0177097,1.8600279,,7.4939094,1561,278,179,6,11,36,12,25,202,8,83
165,Zwickau,14,Saxony,217679,148305,68.130135,43.73217356124204,43.74228785273592,15.53083173190385,14.62256835575335,24.17113381207647,20.94400053942888,2.922355955631974,3.137453221401841,1.8502411,1.7457267,,5.9863119,754,259,345,6,11,36,12,32,325,8,84
166,Vogtlandkreis,14,Saxony,201934,138790,68.730377,47.36868650479141,43.56653937603574,20.29829238417754,15.76842712010952,19.24274083147201,19.89840766625838,2.550616038619497,3.292023921031775,1.9785287,1.8754953,,6.5530658,1411,240,171,6,10,36,12,29,271,8,82
167,Waldeck,6,Hesse,189728,138632,73.068817,39.99365225921865,35.3908188585608,39.82990940042703,34.92700098101448,5.231836805355185,5.306134225864159,6.12124184892377,7.842345201685037,2.2916787,1.6172312,,4.8863177,2166,237,109,7,9,36,11,25,453,4,46
168,Kassel,6,Hesse,224555,160695,71.561531,34.02346059304895,30.09490027692212,38.69317651451507,33.12610846634929,8.130931267307632,8.513021562587511,10.30461433149756,12.37375151684869,2.8775008,2.2247114,,4.9640622,357,297,831,9,12,35,10,31,633,8,85
169,Werra-Meißner - Hersfeld-Rotenburg,6,Hesse,180203,131446,72.943291,39.09285942516318,34.89798091992149,41.56079302527274,35.68994111650412,5.53611368927164,5.769669674238851,4.817948054714483,6.746496660225492,1.7368349,1.486542,,5.3984146,2121,224,106,7,10,36,11,25,407,5,56
170,Schwalm-Eder,6,Hesse,191354,141665,74.032944,38.23244979352698,34.41005188296333,40.90212826033247,35.33123919104931,4.863586630430946,5.253238273391451,5.565241944022871,7.410440122824974,1.956023,1.6277839,,5.2193556,2262,239,106,8,10,37,10,31,306,4,45
171,Marburg,6,Hesse,184686,130945,70.901421,38.7055634044828,35.88758639123296,42.75230058421474,32.64653098629196,5.151781282217725,6.659284432395281,5.800145099087403,10.2661422734736,1.9710566,1.6846768,,4.4736338,1262,249,198,10,12,37,8,33,488,4,47
172,Lahn-Dill,6,Hesse,210867,146943,69.685158,46.72968429935418,40.66883077111533,33.49121768304717,29.53934518827028,4.493579142932974,5.058424014754021,5.884594706791068,7.213681495545892,2.2219501,1.7237977,,5.6586566,1153,274,238,8,10,36,10,26,450,5,65
173,Gießen,6,Hesse,215246,156652,72.778122,43.14467737405204,37.70267854863009,34.48918622168884,28.91696243903685,4.980466256415495,6.33761458519521,7.140668488113781,9.421520312539897,2.5208743,2.0861528,,4.7519341,1343,281,209,10,13,36,9,34,343,6,65
174,Fulda,6,Hesse,209960,154025,73.359215,56.65508845966563,49.84775198831359,24.25060866742412,21.56662879402694,4.459665638695017,4.479792241519234,5.275117675701996,6.530108748579775,2.2009413,1.7627009,,5.6555753,2130,267,125,8,11,36,10,26,383,3,43
175,Main-Kinzig - Wetterau II - Schotten,6,Hesse,180491,131010,72.585335,47.25669796198764,39.92443324937028,31.34188229906114,26.95443095946874,5.143882146401038,5.29272574612625,5.2018929852683,7.41928097091825,2.8593237,2.0349591,,6.1812077,1539,232,151,8,10,38,9,31,301,4,53
176,Hochtaunus,6,Hesse,182026,139886,76.849464,47.74244742147177,42.04995496332728,27.47594469782537,24.19541626753213,3.918905394392576,4.545129605535936,7.194429749939236,9.071672647727436,1.5684201,1.6198905,5.5387959,6.7533565,812,246,302,7,10,38,9,38,533,4,45
177,Wetterau I,6,Hesse,175085,131480,75.094955,45.72406449650137,39.86842105263158,31.03513842409492,26.57210222087009,4.695771219957408,5.031183449954366,7.223151810161241,9.120018253726803,2.1775174,1.9280499,,5.7864313,745,235,314,7,10,38,9,41,314,4,47
178,Rheingau-Taunus - Limburg,6,Hesse,220668,165788,75.130058,50.96207204381498,44.39344222742297,28.44114169903732,24.56028180567954,3.800033778078028,4.397181943204574,5.500398098776751,8.417376408425218,1.7305233,1.739571,4.1697831,5.7115111,1171,292,249,7,10,38,9,34,328,4,48
179,Wiesbaden,6,Hesse,189698,132335,69.76088,42.66898401783353,37.92420750368383,34.23961914837344,27.23466958854423,4.607246760116372,5.794385461140288,7.393357766274984,11.43537235047418,1.6805834,1.9125704,3.9112856,4.9495597,203,280,1367,7,13,36,9,38,695,7,107
180,Hanau,6,Hesse,177413,128280,72.305862,42.81259744309323,38.06361085126287,35.22294979731836,27.79077019020892,5.51060180854381,5.94792641097599,5.625974430932335,8.71764889304646,2.326941,1.9870596,,5.7343311,346,251,721,7,11,37,8,28,534,4,55
181,Main-Taunus,6,Hesse,196605,155145,78.912033,51.14763608237455,42.9262947565181,26.37983821586258,22.01553385542557,4.096168100808921,4.129040574946019,8.026684714299526,9.705114570240744,2.403558,1.7873602,,6.7485256,270,273,1007,6,10,37,9,39,1053,4,40
182,Frankfurt am Main I,6,Hesse,195615,133575,68.284637,39.24911098633726,32.85270447314243,32.28448437207561,26.28186412128018,7.69605090772974,8.747145798240689,9.638779711772411,13.02489238255662,2.2953396,2.3335204,,5.2277746,85,346,4024,7,17,37,7,41,1724,7,99
183,Frankfurt am Main II,6,Hesse,219357,159914,72.901253,35.64666007979289,33.26663081406256,29.92483459859675,25.86390184724289,5.970083920107058,7.990544917893367,13.24712032717586,15.11124729542129,1.7872106,2.1424015,3.2236078,4.7957025,163,354,2140,7,17,37,7,41,1724,7,99
184,Groß-Gerau,6,Hesse,174002,127383,73.207779,40.89007167361422,35.63191320662883,36.85107117904273,29.65937369978726,6.001585768901658,6.039267406168798,7.459394110674109,10.30671282667232,3.6417732,2.346467,,5.4473515,453,259,567,8,12,37,8,31,527,5,77
185,Offenbach,6,Hesse,221650,158240,71.39183,44.19236602628918,37.85705257836198,30.32355915065723,25.40634479271992,5.990267947421638,6.449064711830131,7.929726996966632,10.4290950455005,2.3887765,2.292088,,5.6837716,241,353,1450,7,13,36,8,36,536,6,95
186,Darmstadt,6,Hesse,240017,180790,75.32383,35.06665191658831,34.11527186238177,36.40688091155484,27.88649814702141,5.03954864760219,6.563416118148127,11.45196083854196,13.91061452513966,2.7838929,3.0466287,3.7551856,5.07163,449,334,741,8,13,36,8,45,414,5,65
187,Odenwald,6,Hesse,234360,177273,75.641319,45.31034054819403,39.6061441956756,32.48436028047136,27.21903504763839,4.863120723404015,5.3358379448647,6.686861507392552,8.777422393709138,2.9778929,2.2755861,,5.5642991,1115,316,282,7,10,38,9,32,336,5,58
188,Bergstraße,6,Hesse,199685,148381,74.307533,47.26413759174019,41.33750278000552,31.06799388061814,26.8484509472237,3.861680403825288,4.734433653904476,5.541140712085779,8.43773798532157,1.8728813,1.9887991,4.1305828,5.4818339,719,263,365,7,10,38,9,37,387,4,51
189,Eichsfeld - Nordhausen - Unstrut-Hainich-Kreis I,16,Thuringia,196621,134013,68.158028,49.08777506659801,44.20018953385119,16.28647966988277,15.05973301097655,19.46900673815227,19.64137807526136,3.081044376291852,3.949616828218158,2.0162222,1.7655003,,5.2196426,1909,241,126,7,12,37,9,32,199,8,82
190,Eisenach - Wartburgkreis - Unstrut-Hainich-Kreis II,16,Thuringia,192663,129904,67.425507,42.50831383175268,39.60001231678778,18.13954920556719,16.72850720532085,23.26333292277374,22.16021061707107,3.178501046926961,3.942141889395246,2.6558073,2.0646017,,4.855124,2126,230,108,6,11,38,10,30,270,7,71
191,Kyffhäuserkreis - Sömmerda - Weimarer Land I,16,Thuringia,191261,127906,66.875107,42.49214266727127,38.3867840445327,16.78498272168624,15.14002470564321,25.98705299204103,24.09660219223492,3.08664175253702,3.701155536096821,3.5580816,2.4009819,,5.6283522,2554,229,90,6,11,39,9,28,223,9,92
192,Gotha - Ilm-Kreis,16,Thuringia,205859,141461,68.717422,36.66098783410268,37.60471083902983,24.54810866599275,16.83502873583532,19.80404493111175,21.74309527007444,2.910342779988831,4.534111875357873,2.5844579,2.5208361,5.6998043,7.2875209,1778,248,140,7,11,37,10,32,278,8,85
193,Erfurt - Weimar - Weimarer Land II,16,Thuringia,224121,156367,69.769012,36.4475880460711,33.97328080733147,23.46658821874181,17.36875427679754,22.96968030338882,22.65247782460494,5.852257829337392,8.393714786367967,3.6260848,3.101038,,5.9654531,441,279,631,9,15,35,9,42,257,8,113
194,Gera - Jena - Saale-Holzland-Kreis,16,Thuringia,238320,168091,70.531639,35.53491858576604,34.32069533764449,18.03189938783159,15.6337935998953,26.56715707563165,25.20479978107097,4.677823321891118,6.802862735066125,2.354677,2.777662,5.4292021,6.5369353,1083,289,268,8,13,35,10,36,336,8,90
195,Greiz - Altenburger Land,16,Thuringia,170746,115990,67.931313,43.98051556168635,41.02077765324597,13.68480041382878,13.97792913182171,23.81843262350203,22.56487628243814,2.768342098456764,3.312354513320114,2.7648935,2.1225967,5.8556771,7.3480473,1412,201,144,5,10,38,12,30,197,10,93
196,Sonneberg - Saalfeld-Rudolstadt - Saale-Orla-Kreis,16,Thuringia,218597,147040,67.265335,40.22918933623504,37.30889553862895,19.39676278563656,15.64336235038085,25.78073993471164,24.36003808487486,3.858813928182808,3.701033732317736,,2.1973612,,6.6696138,2616,260,100,6,11,38,11,27,253,6,66
197,Suhl - Schmalkalden-Meiningen - Hildburghausen,16,Thuringia,196071,130631,66.624336,41.32173833163645,39.08719982240051,18.00414909171636,16.05132013074997,26.90555840497278,24.60901317451447,2.835467844539198,3.90795446716323,2.745137,1.9926357,,5.0194821,2250,232,103,6,11,38,10,26,220,6,56
198,Neuwied,7,Rhineland-Palatinate,240333,173536,72.206482,45.97605107873871,44.95032730960723,36.56474737230315,28.15899870920155,4.411188456573853,5.166075050709939,3.906394062327125,6.143393877927346,1.9696201,1.872234,,5.0473676,1268,310,245,8,10,36,10,25,351,5,55
199,Ahrweiler,7,Rhineland-Palatinate,195077,142594,73.096268,54.26525660266211,48.16471941315904,27.40017111519419,24.306773076006,4.362736160006732,4.606785699258033,5.479192672903488,6.512896755824229,2.9839966,2.0477719,,5.1390662,1337,244,183,8,10,37,10,32,359,4,46
200,Koblenz,7,Rhineland-Palatinate,198113,142888,72.124496,46.92206483399586,44.38931190862774,30.15928559431163,26.74892223279772,4.829656794132467,5.149487710654499,7.827109344381614,7.595459380773753,2.7665024,2.1506355,,4.6364985,635,251,392,8,12,35,10,37,606,5,63
201,Mosel/Rhein-Hunsrück,7,Rhineland-Palatinate,175441,129262,73.678329,52.34175550432455,48.5084556946357,27.18973867029754,24.13857127384691,4.368646624684748,4.749268926676054,3.93232349801179,5.614178954371741,2.0160604,1.8195603,,4.1179929,2287,217,95,7,10,36,11,25,349,4,32
202,Kreuznach,7,Rhineland-Palatinate,187473,132299,70.569626,40.30567124468061,40.31398574441228,36.67525831638939,30.7696959160689,5.055215836854398,5.657639135594374,4.333366087423186,6.213954754004187,2.2645674,1.8095375,,4.671237,1640,236,145,7,10,36,10,33,312,6,66
203,Bitburg,7,Rhineland-Palatinate,166313,119298,71.73101,54.69664202249827,51.29339972170531,25.66094989019095,21.95258931415447,3.241462555952321,4.303508860165301,4.840818789921038,6.005968247581686,1.7334741,1.8097538,,3.5742426,3100,210,67,8,10,36,10,30,342,3,30
204,Trier,7,Rhineland-Palatinate,193803,141134,72.823433,47.67171624130259,43.15685802145479,30.38176484759165,25.79817761843354,5.446596851219408,6.155851885442204,6.770161690308502,9.32234613913019,2.7371151,2.4855812,,4.0642228,1218,248,204,9,13,36,9,35,312,4,38
205,Montabaur,7,Rhineland-Palatinate,211010,155100,73.503624,48.28304319793681,44.56415215989684,30.36557059961315,27.40167633784655,4.653127014829143,4.980012894906512,5.811734364925854,6.219213410702772,2.3900709,2.0012896,,5.0490007,1508,268,178,8,10,37,9,24,377,3,39
206,Mainz,7,Rhineland-Palatinate,256317,196076,76.497459,39.41583875640057,37.94039046084172,34.2566147820233,26.3234664109835,4.263142862971501,5.432587364083314,9.863012301352537,12.92305024582305,2.6336727,2.4475203,,4.4957056,523,346,658,9,14,36,8,46,703,5,58
207,Worms,7,Rhineland-Palatinate,201931,148928,73.751923,41.1856736140954,38.68983669961323,36.22421572840567,29.32289428448646,3.598383111302106,4.96750107434465,5.446255908895574,8.236866136656641,1.8317577,2.1070585,4.2409754,5.4979587,876,265,302,8,11,38,8,33,297,5,57
208,Ludwigshafen/Frankenthal,7,Rhineland-Palatinate,217129,155005,71.388435,42.41540595464662,38.33747298474243,34.83952130576433,29.03196671075127,4.823070223541176,5.508209412599594,4.675333053772459,7.123641172865391,2.6960421,2.5018549,,5.9507756,314,314,993,8,11,36,10,33,757,6,84
209,Neustadt - Speyer,7,Rhineland-Palatinate,220643,165435,74.978584,46.75250098225889,42.96067942092061,27.93665185722489,25.37673406473841,4.37875902922598,4.757759845256445,7.890712364372714,8.411158461026989,2.5321124,2.2123492,,4.8327136,866,284,328,7,10,38,10,42,320,4,47
210,Kaiserslautern,7,Rhineland-Palatinate,232164,163010,70.213295,36.246856021103,35.19784062327464,37.57622231764922,32.04834059260168,7.246794675173303,7.427151708484142,5.181277222256303,7.011839764431629,2.9507391,2.6243789,,4.3561745,1695,298,176,9,11,37,10,35,316,7,68
211,Pirmasens,7,Rhineland-Palatinate,180540,128753,71.315498,44.4269259745404,42.62191948925462,31.20703983596499,27.26771415034989,5.814233454754452,6.347036573905074,3.929228833502909,4.629018352970416,2.5832407,2.3774204,,4.2414546,1388,223,161,8,10,36,11,30,263,6,58
212,Südpfalz,7,Rhineland-Palatinate,216137,158661,73.407608,47.74204120735405,41.92775792412754,27.34446398295737,25.54944189183227,3.975772243966697,4.751010015063563,6.973358292207915,8.301977171453602,2.9043055,2.5784535,,4.7800026,1186,278,234,8,11,38,9,31,330,4,40
213,Altötting,9,Bavaria,167160,111846,66.909546,65.19231800869052,58.11383509468376,14.23475135454106,15.0179711388874,2.53205300144842,2.897734384779071,5.391341666219623,5.716789156518785,2.0724926,1.7005526,3.2804034,4.0198131,1374,219,159,8,11,37,9,35,702,3,30
214,Erding - Ebersberg,9,Bavaria,192385,143626,74.65551,54.99770236586691,50.72201412000613,18.96105162018019,16.48030300920446,2.584490273348837,2.908944063052651,7.921267737039255,8.763733585841003,,1.817916,4.4455738,5.1487894,1420,262,182,7,11,38,7,39,418,2,15
215,Freising,9,Bavaria,216717,155881,71.928368,52.43037958442657,50.63093000429815,17.42675502466625,16.19376319115223,2.848326608117731,3.226820459196438,11.6556860682187,9.231400876309493,2.2703216,2.0252628,3.7560704,4.7626076,1623,297,181,8,13,38,7,36,530,2,11
216,Fürstenfeldbruck,9,Bavaria,251146,188417,75.022896,55.14576710169464,50.13241904923653,19.94246803632369,18.39536772159625,2.704639177993493,3.031042846452284,7.703657313299756,8.802815032613829,2.2604117,1.9101249,4.6025572,5.2049441,981,344,347,7,11,37,8,47,340,2,25
217,Ingolstadt,9,Bavaria,254661,174710,68.604927,61.05431858508386,55.40839104802243,16.34766183961994,17.10262721080648,3.86640718905615,3.527559956499342,6.490756110125351,6.154198385896628,2.0691431,1.771507,2.7920554,3.485204,2057,344,166,8,13,36,8,37,667,2,24
218,München-Nord,9,Bavaria,225557,155942,69.136406,42.9198035166921,36.61617780969848,31.18146490361801,24.59247669005143,3.669312949686422,4.545279655256442,10.235856921163,13.57812520039502,3.1928537,2.7080581,,4.5568223,87,353,3971,8,18,35,7,47,1396,4,52
219,München-Ost,9,Bavaria,236523,168795,71.36515,44.28152492668622,39.30744394087503,28.46707544654759,23.21573506324239,3.384578927100921,4.224651204123345,10.1306318315116,12.86708729523979,2.2257769,2.2595456,,4.6251369,79,363,4513,8,18,35,7,47,1396,4,52
220,München-Süd,9,Bavaria,215368,154146,71.573311,43.14935191312132,37.6895929832756,28.26605945013169,23.92342324808947,3.909929547312288,4.762368144486396,11.29254083790692,13.90889157032943,2.5625057,2.5968888,3.0237567,4.5943456,52,321,6072,8,18,35,7,47,1396,4,52
221,München-West/Mitte,9,Bavaria,239700,174322,72.725075,42.25571069629765,36.84044469430135,28.34926171108638,23.5816477553034,4.093000309771573,4.76818760684251,13.04654604697055,15.52758687945297,2.5355377,2.4741571,,4.1583967,90,356,3869,8,18,35,7,47,1396,4,52
222,München-Land,9,Bavaria,247787,192033,77.499222,52.16603396291263,46.60865580395036,20.19757020928694,19.5263314117886,2.080892346627923,2.801601808022579,11.08090796894284,9.873303026042398,1.7179339,1.8465576,3.9607775,4.84448,719,351,483,7,11,37,8,59,1803,3,19
223,Rosenheim,9,Bavaria,231069,162958,70.523521,57.66148332699223,53.73715926803225,12.41362805139975,14.70685698155353,2.412891665337081,2.876814884816946,9.28153266485843,8.364732016838694,2.2404547,1.7108703,4.0323272,4.7816,1476,314,211,8,11,37,8,36,431,3,24
224,Starnberg,9,Bavaria,245379,182283,74.286308,53.42407136156416,51.12983657280164,17.37847193649435,15.00139892365168,2.765480050251532,2.63107366018773,8.79456669025636,9.006325329295656,2.2004247,1.5382674,,5.5737505,2409,332,136,7,10,37,9,42,461,2,19
225,Traunstein,9,Bavaria,206868,141456,68.379837,61.92596991290578,56.80282207895034,17.36935866983373,14.75723900011311,2.910445650944463,2.964172604908947,8.464116050220563,8.719319081551861,2.1448367,1.4958715,,3.2497737,2373,275,115,8,11,36,10,37,493,3,22
226,Weilheim,9,Bavaria,252724,184167,72.87278,56.59863059071386,52.06415915989292,16.29988000021719,15.3892934130436,2.889225539863276,3.056465056171844,8.448310500795474,8.696997833488085,1.7033453,1.5784587,,5.2479544,2783,334,119,7,10,37,9,41,395,3,21
227,Deggendorf,9,Bavaria,155082,93941,60.57505,60.83073418422201,55.86591584079369,15.73221490084202,16.43371903641647,2.982723198603379,3.307395067116595,4.457052831032244,4.327184083626958,1.3795893,1.3625573,3.2360737,4.0312538,1845,196,106,8,11,38,9,36,338,3,27
228,Landshut,9,Bavaria,251273,171644,68.309769,57.50448602922328,53.63950968283191,16.04308918459136,15.82344853301018,2.866397893314069,3.006804781990632,8.205937871408263,6.657383887581273,1.9511315,1.5392324,,3.560276,2480,329,132,8,11,38,8,33,451,3,20
229,Passau,9,Bavaria,186392,117391,62.980709,59.14252370283923,53.4666200986447,19.46060600897854,18.40941809849137,3.205526829143631,3.747306011534104,5.073642783518328,5.873533746198601,1.8664123,1.5427077,3.0803044,3.8486767,1599,238,148,8,11,37,9,35,352,4,31
230,Rottal-Inn,9,Bavaria,163308,103874,63.606194,60.40780175982439,58.2446040395094,15.99919132795502,15.04322544621368,2.568496447619231,2.650326356932438,4.594990084140401,4.809673257985636,,1.3805187,3.0123034,3.5841501,2159,210,97,8,11,37,9,36,984,2,20
231,Straubing,9,Bavaria,173773,111537,64.185463,60.58886288854819,57.27875054914513,17.39333136089369,15.94986417063396,2.471825492885769,2.955969767879717,3.211490357459856,3.87674045384043,1.7169191,1.4587088,3.2832155,3.9224651,2244,221,98,8,11,38,9,36,383,3,29
232,Amberg,9,Bavaria,215146,151021,70.194656,57.7720979201568,53.02110302540706,20.69447295409248,19.22646519358235,3.250541315446196,3.345230133557585,4.876805212520114,5.957449626210924,2.5036254,1.9335059,,3.4915674,2650,276,104,8,11,37,9,36,336,3,24
233,Regensburg,9,Bavaria,248820,171954,69.107788,48.0640171208579,48.01051443990835,21.8320015818184,19.13418705002501,3.395675587657164,3.848122172208847,8.259185596147807,9.164660316131059,2.0080953,1.9505217,3.6224804,4.0708561,1472,323,218,8,13,37,8,45,560,3,34
234,Schwandorf,9,Bavaria,216389,141364,65.328644,57.18570498854022,54.08236891995133,24.5578789507937,19.14631730850853,2.702243852748932,3.186808522679041,3.194589853145072,4.192722333833225,,1.5230186,,3.236326,2985,271,90,8,11,37,9,35,414,3,20
235,Weiden,9,Bavaria,170403,118903,69.777527,54.60753723623458,52.24931246478221,21.76648192223914,22.27361799113563,2.621464555141586,3.348948302397753,3.810669200945308,4.265661926107836,1.5188851,1.4785161,2.4011168,3.568455,2582,212,82,8,11,37,10,34,320,4,40
236,Bamberg,9,Bavaria,179923,126869,70.512939,51.80382914660003,48.51145669943012,22.69585162648086,19.64546106613909,3.440556794804089,4.053787765332745,8.105210886820263,8.88081406805445,2.3843491,2.2897635,3.327842,4.1073866,1003,228,227,9,12,37,8,51,402,3,29
237,Bayreuth,9,Bavaria,164828,115659,70.16951,55.27974476694421,49.14965545266689,25.37113410975367,23.06435296864057,2.806526080979431,3.270821985318912,6.21568576591532,6.74655668819547,2.302458,1.8952265,3.0857954,3.834548,1648,206,125,9,11,36,9,44,380,4,37
238,Coburg,9,Bavaria,160103,111378,69.566467,49.65881951552371,46.29908958681248,32.12932536048412,27.57097451920487,3.304961482518989,3.963978523586346,3.837382606978039,5.66449388568658,1.5415971,1.6026504,2.8219218,4.246799,1290,197,153,7,10,37,10,43,612,4,37
239,Hof,9,Bavaria,174569,118838,68.075089,54.60206331308167,46.46577694003602,28.38401857991552,26.42757367172117,4.429559568488195,4.728285565223246,5.426715360406604,5.313956815160134,,1.8992242,3.5072956,4.29913,1557,219,141,7,9,36,12,41,335,5,55
240,Kulmbach,9,Bavaria,172449,122307,70.923576,56.33610504713549,51.81878387990876,22.55553647787944,21.28251040414694,2.95649472229717,3.590963722436165,3.961343177414212,5.2294635630013,1.8085637,1.8935956,3.1306467,3.9245505,1733,212,122,8,10,38,9,29,308,3,28
241,Ansbach,9,Bavaria,243643,166555,68.360268,52.78856834078833,47.21563447509832,23.01401939299331,22.02875926871004,3.72369487556663,3.823361652307046,5.802887934916394,8.268139653567891,2.3643842,1.9669179,,3.5723934,3042,312,102,8,11,36,9,37,377,3,26
242,Erlangen,9,Bavaria,179506,135186,75.31002,48.19359992898673,41.38002455875608,26.16912993949078,24.14303256254346,4.150577722545234,4.319973961800779,8.861864394242007,11.38801355169914,2.3789446,2.449218,3.2495968,4.1350436,641,239,371,8,13,36,8,56,569,3,26
243,Fürth,9,Bavaria,253603,178211,70.271645,48.81685193394348,42.4188181425389,26.89845183518413,24.96198326702617,4.221961607308191,4.946944913613638,8.189730151337461,9.048824146657614,2.6889474,2.3275781,3.1356089,4.3903012,1638,330,201,8,11,37,9,43,309,4,41
244,Nürnberg-Nord,9,Bavaria,193031,132674,68.731964,39.06492605936355,34.48151107225229,31.40479671977931,26.61410675791791,6.104436438186834,7.017953781449267,10.0517056846104,13.14801694378703,3.0563638,3.1814823,3.3292129,4.4515128,85,285,3307,8,14,35,9,42,663,7,88
245,Nürnberg-Süd,9,Bavaria,185799,121814,65.562248,43.93501567964274,40.12757154350074,31.96841085589505,28.20940121825078,4.956737320833401,5.703777890882821,6.702842037861001,7.967064541021557,2.5087428,2.4102321,3.6925149,4.7096391,141,267,1881,8,14,35,9,43,643,7,82
246,Roth,9,Bavaria,226102,168765,74.64109,50.13954315171985,45.14028382662282,27.37534441382988,24.35753858916244,3.593162089295766,3.788700263680266,6.602079815127544,8.441916274108968,2.4513376,1.9269398,,3.8710632,1695,290,171,7,10,38,9,39,391,2,20
247,Aschaffenburg,9,Bavaria,184171,131310,71.297867,51.47437361967862,47.01926738252989,24.60437133500876,21.63430051024294,2.772827659736501,3.572462112558069,7.83184829792095,8.479932983017287,2.5237987,1.9381616,,4.0080724,761,241,316,8,11,37,9,40,463,3,36
248,Bad Kissingen,9,Bavaria,217994,155355,71.265724,57.23085835666699,53.27153937755463,19.67365067104374,17.97882269640501,4.460751182774935,4.471050175404718,7.805992726336456,6.35576582665508,2.2928133,1.9181874,,3.210711,3115,270,86,8,10,37,10,37,284,3,25
249,Main-Spessart,9,Bavaria,197762,143137,72.378418,51.00078945346067,48.87136100379357,22.92349287745307,21.29847628495777,3.092142492856494,3.380677253260862,6.154942467705764,6.966752132572291,1.9715377,1.8653458,3.2500331,3.9004591,2037,254,125,8,10,37,9,35,395,2,23
250,Schweinfurt,9,Bavaria,200150,141275,70.584564,54.18368430366307,50.44346133427712,22.78534772606618,20.43673686073261,5.318704654043533,4.912404884091312,5.699522208458681,7.009732790656521,2.119271,1.7646434,,3.3020704,1561,254,163,8,11,36,10,41,455,3,35
251,Würzburg,9,Bavaria,226597,166593,73.519508,48.48703126782038,44.53188309232681,25.29277940849856,22.34487643538444,3.225825815010234,3.983960910722539,9.876765530364422,11.59172354180548,2.4814968,2.4094651,2.8998818,3.8344948,1056,292,278,10,14,36,9,48,431,3,33
252,Augsburg-Stadt,9,Bavaria,208231,133378,64.052902,43.95177615498808,43.25975798107634,24.85042510758896,21.98863380767443,4.804390529172728,5.5413936331329,10.92234101575972,10.45149874791945,2.6301188,2.5671401,4.7241673,5.3502078,165,296,1780,9,14,35,9,47,409,5,61
253,Augsburg-Land,9,Bavaria,244203,176239,72.16906,60.05537934282423,53.32134204120541,17.52109351505626,17.09383280658651,2.937488297141949,3.195093027082542,6.846952150205119,7.189101163760575,2.0143101,1.7527335,4.4893584,5.1293983,1567,320,203,8,10,38,8,28,354,2,19
254,Donau-Ries,9,Bavaria,189974,131055,68.985756,59.9168288123307,54.98836366411049,17.44153218114532,16.4938384647667,4.423333714852543,3.250543664873526,6.221052229979779,5.931097630765709,,1.4787685,,4.1455879,2332,246,105,8,11,37,8,34,421,2,17
255,Neu-Ulm,9,Bavaria,237651,161614,68.004761,56.9016298092987,52.34571262390635,18.20386847674088,17.95822144121178,3.431633398096699,3.686561807764179,7.73757224002871,6.445604959966339,1.9088693,1.8500873,4.6536808,5.5601621,1684,320,189,8,11,37,8,38,405,3,25
256,Oberallgäu,9,Bavaria,224278,155635,69.393791,60.07260577633565,51.98188068236579,17.16965978089761,15.91929835833842,3.553185337488354,3.581456613229672,8.359944742506507,9.2067979567578,1.9738491,1.561988,,4.3017316,1914,293,152,8,10,35,9,36,348,3,24
257,Ostallgäu,9,Bavaria,244541,167668,68.564369,59.24386287186583,54.66994298256077,14.91578595796455,14.89312212228929,2.821647541570246,3.143116158122003,5.987427535367512,7.028771142973018,1.9443185,1.7319942,4.0806832,4.7659659,2329,320,136,8,11,36,9,35,420,3,20
258,Stuttgart I,8,Baden-Wrttemberg,191191,152546,79.787231,41.60384408637395,37.23073695803233,16.42127620521023,20.82388263212408,3.817864775215345,6.183052980740236,27.2193305625844,17.39409751812568,2.173115,2.8437324,2.7211463,4.1174464,114,300,2615,8,16,36,8,41,1217,5,61
259,Stuttgart II,8,Baden-Wrttemberg,183064,134355,73.392365,43.3344497785717,38.94384280451044,25.81965687916341,22.67797997841539,4.9369208440326,6.625730341260095,13.77321275724759,13.65114807785345,2.2805254,2.5752671,3.3471029,4.5007629,93,317,3376,8,16,36,8,41,1217,5,61
260,Böblingen,8,Baden-Wrttemberg,247128,191149,77.348175,53.57495984807663,46.42137808725131,23.3723430412924,19.77933444590346,3.986942123683618,4.307634358537057,9.28594970415749,10.26058205902202,2.3447678,2.1621876,,5.056788,585,360,611,7,12,37,8,31,1041,3,33
261,Esslingen,8,Baden-Wrttemberg,166975,129700,77.6763,50.75173477255205,44.40863531225906,24.96453353893601,21.74633770239013,3.69159599074788,4.519660755589823,10.97609868928296,11.93754818812645,2.2636855,2.2135699,2.9845798,4.4988437,208,245,1168,7,12,36,9,30,505,3,37
262,Nürtingen,8,Baden-Wrttemberg,205756,160053,77.787766,50.42704604099892,45.51242400954683,24.99984380174067,19.68035588211405,3.252047759179772,4.081772912722661,9.799878790150762,11.51805964274334,2.0230799,2.2505045,3.1583288,4.7478023,465,289,619,8,11,37,8,30,398,3,37
263,Göppingen,8,Baden-Wrttemberg,179130,132632,74.042313,48.32544182399421,45.28168164545509,23.86000361903613,21.43901924120876,3.551179202605706,4.198835876711502,10.56306170456602,10.00889679715302,1.9278907,1.9821763,5.1955786,6.2270041,642,252,392,8,11,36,9,25,339,4,41
264,Waiblingen,8,Baden-Wrttemberg,221739,171509,77.347244,50.77401185943595,45.16439370528661,22.68568996379199,19.87417569923444,3.621384300532334,4.467987102717641,10.40062037560711,10.20995982718108,2.1800606,2.0891032,3.7916377,5.3408275,513,315,612,7,11,37,9,27,428,3,39
265,Ludwigsburg,8,Baden-Wrttemberg,209968,162815,77.54277,49.70979332371096,43.59672020391241,20.8684703497835,21.09019439240856,4.75324755090133,4.664189417436968,13.30712772164727,11.57264379817584,2.6711297,2.19083,,5.065258,339,310,905,7,12,36,8,30,615,3,36
266,Neckar-Zaber,8,Baden-Wrttemberg,226751,177134,78.118286,52.32931001388778,44.8090146442806,25.94758770196574,20.80289498345885,4.345297910056793,4.104802014294264,9.300303724863662,10.47286235279506,,2.150914,,5.4777737,642,316,490,8,11,37,8,28,614,3,34
267,Heilbronn,8,Baden-Wrttemberg,241656,173772,71.908829,50.51274083281542,45.1994567594319,26.60440116934834,21.82917846373409,4.34707547821283,4.683148033054808,7.349285270354257,8.437492806666206,2.6465714,2.1804433,,5.3351517,904,353,388,8,12,37,8,25,707,4,42
268,Schwäbisch Hall - Hohenlohe,8,Baden-Wrttemberg,224384,158389,70.588364,51.4095044479099,45.98488531400539,22.55712202236266,19.71727834634981,4.183371319978029,4.757274810750746,9.829596752299716,9.875054454539141,2.6681147,2.1283045,,4.9239531,2260,298,131,8,11,37,8,23,554,3,28
269,Backnang - Schwäbisch Gmünd,8,Baden-Wrttemberg,175434,130255,74.247292,54.31499750489424,47.78012360370044,24.31614909216537,20.11285555256996,3.899274500019193,4.187171317799701,8.014279682161913,8.949368546313002,2.9603469,2.1196883,,5.579824,838,241,287,8,10,37,9,27,397,3,34
270,Aalen - Heidenheim,8,Baden-Wrttemberg,222959,162969,73.093704,56.6322429419092,48.72644490670005,24.2156483748443,22.00479845860256,4.865342488448723,4.591670808558683,7.610036264565653,8.303419668771362,3.0275698,1.9132473,,4.451767,1644,301,183,8,11,36,10,26,610,4,35
271,Karlsruhe-Stadt,8,Baden-Wrttemberg,205735,150050,72.933632,38.95501499500167,37.18160613128957,29.23425524825058,22.51582805731423,4.834388537154282,5.953348883705432,13.55348217260913,14.83705431522826,3.4315228,4.0046649,3.9873376,5.5541487,173,300,1715,10,15,35,9,42,751,5,62
272,Karlsruhe-Land,8,Baden-Wrttemberg,209733,159992,76.283653,52.40762038101905,46.13043152157608,25.46064803240162,20.88604430221511,3.68518425921296,4.038326916345817,7.686634331716586,9.484849242462124,2.7338867,2.3507426,,5.9209208,718,281,389,7,10,37,9,27,396,3,28
273,Rastatt,8,Baden-Wrttemberg,207555,148159,71.383003,52.54490108599546,48.42905257189911,22.59869464561721,20.27753967021916,3.424024190228066,4.086825640021869,8.25667019890793,8.924871253180704,2.0639987,1.9614064,4.7388277,5.6675596,879,282,320,7,10,37,10,27,452,3,35
274,Heidelberg,8,Baden-Wrttemberg,215943,168177,77.880272,40.46986210956314,37.0627374730195,30.23600135571451,23.13931155865546,4.098063349922998,5.597079267676317,12.12532034701535,14.62804069521992,2.0395179,2.7239158,4.8419223,6.0763364,305,311,1015,9,14,36,8,41,499,4,43
275,Mannheim,8,Baden-Wrttemberg,198525,137796,69.409897,39.05701181456646,34.54236697727075,31.73967314000407,27.11762315306685,6.49583442189904,7.421840982321692,12.00615402479027,10.91976545037592,3.3426225,3.1111207,,5.9130888,145,318,2172,9,14,36,9,33,868,5,85
276,Odenwald - Tauber,8,Baden-Wrttemberg,213424,155585,72.899483,58.24726034000707,51.10775460359289,21.01487932641321,19.45496031108397,3.315229617251021,4.100009641032234,5.796831314072693,7.059806536619854,1.9076389,1.9597005,4.0363789,5.1380277,2430,278,114,8,10,37,10,24,378,3,28
277,Rhein-Neckar,8,Baden-Wrttemberg,197424,147782,74.855133,48.90379071876142,43.22312595579976,25.52678946015076,21.9620792789379,3.940940033292282,4.708963202555115,8.14104559418603,9.413866370735272,2.6160154,2.6451123,4.516788,5.9452438,724,269,370,8,11,38,8,28,735,4,40
278,Bruchsal - Schwetzingen,8,Baden-Wrttemberg,195953,145107,74.051941,50.95825838863735,45.93575775117672,24.29379699118581,21.26775414004838,3.683488735898337,4.380905125183485,6.669561082511525,8.060258981303452,2.340342,2.4506054,4.3257732,5.9955759,506,264,520,7,11,38,8,27,351,3,33
279,Pforzheim,8,Baden-Wrttemberg,219976,159491,72.503822,48.74068129236132,44.51473750869955,22.60879924259049,19.9309051921425,4.034710422531679,4.544457054003048,7.861885623640205,8.828711337943835,2.1675205,2.1349168,5.0441718,7.134572,671,316,468,8,11,36,9,29,479,4,46
280,Calw,8,Baden-Wrttemberg,197679,145151,73.427628,57.53594532590199,50.47364468725672,19.90478880613981,17.41979042514347,4.198386507843556,4.097801599713402,6.914179027357717,7.541112358853883,2.0929928,1.8201735,,6.2093959,1668,275,165,8,10,37,9,21,340,3,27
281,Freiburg,8,Baden-Wrttemberg,219472,168260,76.665817,34.53346012124094,35.0689409247593,29.71829311779389,21.86556519671936,4.803874955426126,7.788541542850351,20.65969333174849,19.63865446333056,2.2756448,2.9555449,2.5002971,3.7941282,452,315,693,10,15,36,7,44,529,5,57
282,Lörrach - Müllheim,8,Baden-Wrttemberg,229316,164341,71.665733,49.41250205365672,43.13470162649612,24.28000316415259,21.49676587096343,3.836535009522883,4.780304367139059,11.84610048618421,12.53065272816887,2.2800152,2.1869161,3.5408084,5.0303941,1155,315,270,8,10,37,9,30,383,3,36
283,Emmendingen - Lahr,8,Baden-Wrttemberg,215623,153869,71.360199,51.21044524888055,45.02011451299482,25.84796157770571,20.88204901572117,4.550624232301503,4.559722881152149,11.2875238027153,11.88868453034724,,2.3831961,,4.4342914,1194,285,237,8,11,37,9,23,374,3,32
284,Offenburg,8,Baden-Wrttemberg,205119,145259,70.81694,55.13117947941264,47.4827721518116,19.86933683971389,18.89590317983739,4.187692328874631,4.655133244755919,9.71437225920597,10.54048286164713,1.9523747,2.0845525,3.829711,5.3304787,1104,272,246,8,11,37,9,27,511,3,37
285,Rottweil - Tuttlingen,8,Baden-Wrttemberg,199241,143449,71.997734,56.82646794331087,50.88777196076655,17.45846956061039,17.2583984552001,3.687721768712225,3.904523558895496,7.351741733996055,7.239506723643943,,1.7999429,4.9578595,5.7260771,1503,272,181,8,11,36,9,24,620,3,28
286,Schwarzwald-Baar,8,Baden-Wrttemberg,166191,119181,71.713272,55.80167979795437,48.5916379288645,18.63635982245492,18.80668898566046,3.477064297161461,4.077831197925843,7.538114296741931,8.90494290197263,,1.8962754,3.8621929,5.6191845,1266,227,179,8,11,35,10,25,454,3,35
287,Konstanz,8,Baden-Wrttemberg,202393,147557,72.906181,51.18293269719499,43.07691265070447,18.9458988729779,19.99498498885177,4.052671171140644,4.943852206266053,13.09460073056514,12.50093184328768,2.1672981,2.1618764,3.965925,5.4399319,818,282,343,9,11,36,9,28,384,4,39
288,Waldshut,8,Baden-Wrttemberg,177313,128808,72.644417,50.46969132352028,48.60722936463574,27.45093472455127,18.73330849015589,4.357648593255077,4.255946835600273,9.912427799515559,10.85879759021179,,1.8127756,,4.6417923,1861,244,131,8,10,36,9,27,351,3,29
289,Reutlingen,8,Baden-Wrttemberg,199091,150014,75.349464,51.24188409081819,45.59174477048808,19.90414228005386,19.03688989027691,3.976962150199315,4.725558947831536,12.26485528017385,10.79565907181996,,2.1777968,4.2895994,5.4961538,1092,281,257,8,11,37,9,31,438,3,38
290,Tübingen,8,Baden-Wrttemberg,193188,149768,77.524483,46.30762245606538,41.32324662144116,20.13781315100689,20.30941189039047,6.402569307195129,6.55680786282784,16.34327760269216,14.67469686448374,2.9392126,2.6567757,3.3925805,4.5503712,789,271,343,10,13,37,7,36,312,3,31
291,Ulm,8,Baden-Wrttemberg,220702,167199,75.757813,51.42614489321108,48.06846930902697,23.51748515242316,19.99533490032835,3.595715285378501,4.238661714483938,9.59395690165611,10.18128098852266,2.5837476,2.4372156,3.5819592,4.6884251,1477,314,212,9,13,36,8,31,652,3,30
292,Biberach,8,Baden-Wrttemberg,163772,121718,74.321617,57.95363052301221,55.51109942654332,19.54189191409652,14.63546887066827,3.296965116088007,3.34790252879607,8.83517639133078,8.944445357301303,2.8023794,2.0563927,,4.1670089,1748,218,124,8,11,37,8,22,642,2,20
293,Bodensee,8,Baden-Wrttemberg,171016,128696,75.253777,53.09644433393424,48.1452414993473,20.28423571828184,17.96870143594206,4.467116305091067,4.373873313855908,11.05240256107416,11.62040778268167,2.1950953,2.0156026,,4.420495,860,232,268,8,11,36,9,27,507,3,23
294,Ravensburg,8,Baden-Wrttemberg,185006,135877,73.444649,51.01084068679762,49.49402768680498,19.80394032838523,17.12283903824783,3.255885837926949,4.246487632196766,13.46659110813456,12.19558865738867,2.0319848,2.0879178,2.7039161,3.8269906,1293,251,193,8,11,37,8,23,443,2,28
295,Zollernalb - Sigmaringen,8,Baden-Wrttemberg,184370,132905,72.086021,59.41537188217148,52.04920808096009,17.82024754523908,16.88950754298183,4.10819758474098,4.032203453594673,8.127609946954593,8.282607877807456,,2.0661376,,4.6356421,1656,246,149,8,10,37,9,24,413,4,33
296,Saarbrücken,10,Saarland,204905,142400,69.495621,36.04213483146068,32.66362359550562,35.31320224719101,30.42766853932584,10.67556179775281,11.42415730337079,5.212078651685393,7.661516853932585,2.7415731,2.886236,3.9929776,4.6172752,325,270,832,8,12,36,10,36,527,9,108
297,Saarlouis,10,Saarland,211529,154287,72.938934,43.22723236565621,38.92226824035725,33.89981009417514,29.83854764173262,7.088089080739142,8.722705088568707,3.614692099788058,5.10282784680498,2.3670173,2.4234056,4.15978,4.9550514,891,270,303,7,10,37,10,31,549,5,52
298,St. Wendel,10,Saarland,181521,138097,76.077698,44.07409284778091,39.76263061471285,32.49020615943866,29.58862248998892,7.42014670847303,8.790198194023041,2.746620129329384,4.408495477816317,2.1977305,2.4555204,4.6090794,5.2767258,801,220,275,7,10,38,10,31,236,5,60
299,Homburg,10,Saarland,198117,142644,71.999878,38.73278932166792,35.67763102549003,36.64086817531758,31.10190404082892,8.827570735537423,9.940831720927624,3.47298168867951,4.99635456100502,2.3057401,2.4207118,4.516839,5.4569416,550,249,455,8,10,37,11,33,444,6,65
